bike_id,timestamp,lat,lon
abcb1a38e1d496bcf423c4ddb5dc94eb,2025/06/07 10:48,39.006064296,-76.905714989
7594b6ba277372fe1753f9440f4f7676,2025/06/07 10:48,38.990445852,-77.01914537
0985150b7010c5a33af84b1922f5da74,2025/06/07 10:48,38.841338992,-77.088777423
7ddcf6c4b03845dd27ba2eca2189406f,2025/06/07 10:48,38.953257322,-77.092484593
80b1029ae11d40453ceee0a1d51003d0,2025/06/07 10:48,38.863451362,-77.100637913
521eceea7b897246952aa1e121c4c95e,2025/06/07 10:48,39.046515226,-76.975682616
f191bdfa2d0999b8024b1d4a6c1a73c5,2025/06/07 10:48,38.949584723,-76.986632466
3da884139b94c9eb5634a10b6932ebba,2025/06/07 10:48,38.778626323,-77.175931692
4a03f4370d9ba99db3272028899eaa27,2025/06/07 10:48,38.843898535,-76.979193926
5f81d269511d8dba52e3029e59ea8d74,2025/06/07 10:48,38.953774333,-76.924530149
926e319ead73211eb982d3fbe8a67db7,2025/06/07 10:48,38.934119344,-76.958206892
81517dc9fe9505cc2eecd1701dac05bb,2025/06/07 10:48,38.825954914,-76.984129906
5682aad93379c3461c1956a7a43aceba,2025/06/07 10:48,38.980657816,-76.973794818
1fae670dc005a924524c5942e5ec25dd,2025/06/07 10:48,38.952950835,-77.023794651
756697d89c674a8105df1341537ee330,2025/06/07 10:48,38.886677027,-77.102604508
942fd8c1e21ccacd88d84b6efb4498df,2025/06/07 10:48,38.831117272,-77.105554581
673ee03672f7a2465caedd531c0790c2,2025/06/07 10:48,38.896475673,-76.927223325
b2d53ca9db829b5693eed042cfbc1860,2025/06/07 10:48,38.86824739,-77.072028279
efc95ba3e84a8d5dd80711ce5063a84f,2025/06/07 10:48,38.977377057,-77.057118416
e2943daa2041c1d12ff512de5510da6c,2025/06/07 10:48,38.863921642,-77.118891716
353b13d0cbf19e9c5b986c43d37e7464,2025/06/07 10:48,38.898268223,-76.917596579
c8d25d82e48bb88f7ab9363c5cf7a1b6,2025/06/07 10:48,38.844375968,-77.068343043
867e7a8afc6e1b0b9cb694231a7e8145,2025/06/07 10:48,38.907083392,-77.074994922
b48b647508c091a2447188c2dc80da02,2025/06/07 10:48,38.957417965,-76.981980681
1d0e8fcaff426dff3e000ef5d7e846f4,2025/06/07 10:48,38.861777902,-77.079848528
a32d163e0f05c8dfe5eb19f76d37136c,2025/06/07 10:48,39.002682209,-77.048737288
fb9bfbc65924987efd7c134b9ea8e251,2025/06/07 10:48,38.952220917,-77.00239706
4317d3b8e2fba0bd933189f9880b5995,2025/06/07 10:48,38.876752973,-76.961962938
0eab6bba2199c76a9a49ab72dc494e3a,2025/06/07 10:48,38.952145815,-77.002429247
801a2d9dfa39c49afa5690e2bb79f8c2,2025/06/07 10:48,38.904756069,-77.035634518
8cdbebf42fa5f1b2adb94bc73e8280ee,2025/06/07 10:48,38.952706575,-77.027447581
c76a80944a4ecb00dd3b272344a01551,2025/06/07 10:48,38.916541338,-76.973402619
1f5f2690d7708822799321be712bd562,2025/06/07 10:48,38.90847826,-77.063801885
5e6f5cb3b6712bb84a81ef5fab8ba2d1,2025/06/07 10:48,38.961278439,-77.03278172
77607ec0cd241d2ead95ff7162d8fc5b,2025/06/07 10:48,38.862304807,-77.05365169
4938c93e21db1d2baff62edce1fa439b,2025/06/07 10:48,38.961956263,-77.023344159
1cb24952e1a501645dde74dc46ce08cf,2025/06/07 10:48,38.873323083,-76.929113626
88fc49c1743b25b14d0f8077e5a0463d,2025/06/07 10:48,38.842652798,-76.985102415
0db3465c8d626a655c055dc58170a86d,2025/06/07 10:48,38.949111462,-76.929189682
0e97672da74318f80023b7f918332f2f,2025/06/07 10:48,38.933012724,-77.085503936
a25ab1b88e0405aacafb8ca93c40378a,2025/06/07 10:48,39.020282149,-77.013181329
f23c53794f218045d38ef75b06c53762,2025/06/07 10:48,38.899790406,-77.022734642
aa7b90839a663fae9b03de385fb0044e,2025/06/07 10:48,38.949767828,-76.936229706
983809be8876aaeca7bc96bfe69db507,2025/06/07 10:48,38.769596577,-77.129447699
11f7ddab3f2aeac69e5fc726269010e8,2025/06/07 10:48,38.904465914,-76.975612283
be4123250bf1f588fd6726e2a33cca2c,2025/06/07 10:48,38.886556029,-77.097024441
707546409db452f6ee83651a7d666bec,2025/06/07 10:48,38.941038013,-77.025460005
0099b3c0e7523870b0df2794bca4711b,2025/06/07 10:48,38.919749022,-77.021844029
fa386e9dd6b09ca89934aa07252d877b,2025/06/07 10:48,38.989916444,-76.993404508
67f1ba83330b0b2214d316befc98912e,2025/06/07 10:48,38.954808474000004,-77.025027394
d4d18eb23dd6bea1f79b8efbb7e02ff1,2025/06/07 10:48,38.857118964,-76.990078688
d143e0363e71edd255eb15e2c87359a4,2025/06/07 10:48,38.830721378,-77.050577998
26b9cc8fd03971733c5cb82eaa739d28,2025/06/07 10:48,38.928166628,-76.98004663
0dfd98f192bc76cbc803877aaffd072c,2025/06/07 10:48,38.8582623,-76.995741963
baecbb9282abb11ac1aaeda2c5a42fe9,2025/06/07 10:48,38.826453447,-76.986188531
afdea0b075162e80d4ff3be2a2a72303,2025/06/07 10:48,38.8002249,-77.130005717
1298c5d9b9d5da63710c95ee6f41f1a1,2025/06/07 10:48,38.865451455,-76.973546863
7351d8ed70ba2ca468f46bfde2177dca,2025/06/07 10:48,38.997185946,-77.027170539
97abf2cdd5d5ebc337e7d1545abbfbee,2025/06/07 10:48,38.909293652,-77.063463569
0f3b89918b01c87a98cdcb557a3ece98,2025/06/07 10:48,38.944177508,-76.97993958
62a6fe3b58e505270c766b6d7f43043a,2025/06/07 10:48,38.813490868,-77.128048658
be8ada69ff71b265bf4d665beefe017c,2025/06/07 10:48,38.986545801,-76.999933481
4a2ecaf7d6ae86dbaaa6c10f3fdcf544,2025/06/07 10:48,38.84428978,-77.067041278
7f107e830218ed4fc0f958077d7201bb,2025/06/07 10:48,38.953800559,-77.06326592
2be130869ebd87898ce1b64100e1e237,2025/06/07 10:48,38.961960554,-77.022242904
34d8f84077c20697056f52de93601ae7,2025/06/07 10:48,38.874419093,-76.972297311
2a97fa855f92c9163705790bfa8d8b69,2025/06/07 10:48,38.960473418,-76.999196053
8896f3b1ee9e7fe8cd66cc2c3bec59cf,2025/06/07 10:48,38.957369328,-77.02325809
feacae6822d36c208fbb1f54c72ad82e,2025/06/07 10:48,38.955277205,-77.024186492
9f7bf9b39cca7fb8a6a9cf25dc4ae2dd,2025/06/07 10:48,38.894732594,-77.127013326
e5bf1e5ee38145a966055e81b53af317,2025/06/07 10:48,38.959362626,-76.959320903
a6dc5287a01ba39a90fa08ab76d1ad10,2025/06/07 10:48,38.974675179,-77.005357504
32ccfbf651514ca568291bc6868f25e4,2025/06/07 10:48,38.901418328,-77.037616134
8390a3e75e2a81fbf7aeef7901c07f03,2025/06/07 10:48,38.989702821,-76.993662238
52c1aac4706c86119911f046c5a555ef,2025/06/07 10:48,38.89297092,-77.048745632
271aa0d6ed34852f86ab8bffedcb4f7a,2025/06/07 10:48,38.870792389,-77.012113214
fa79f8edc77ecfd8b708533507adc00b,2025/06/07 10:48,38.828705788,-77.002694845
61eee0bef2e114f4e13977556f60189d,2025/06/07 10:48,38.94504118,-77.096725464
ad9737bb8120776e4ca143d8dec95394,2025/06/07 10:48,38.945850611,-77.032878757
f79eeb08bd967940c72d92a5d71447eb,2025/06/07 10:48,38.868807316,-77.17910707
13164f95e5e098d1aa687d6148c67ec7,2025/06/07 10:48,38.900070429,-76.980468869
87a6cf0f49ef28114b80567aca1c58a6,2025/06/07 10:48,38.910113215,-77.036492109
b4b83ccbe398304a716a984ed3796a3a,2025/06/07 10:48,39.113145828,-77.207479954
c2ad99da45734be1e8394bcc8576d6df,2025/06/07 10:48,38.95086503,-77.012278914
5b4f41265b43463caadef280e8f5b2d8,2025/06/07 10:48,38.903026342,-76.975611687
1dc12ddb653ef6d61da996b54f45eac3,2025/06/07 10:48,38.938776016,-77.033747077
eb66fc634c79ed67697b0f2d3358ddcd,2025/06/07 10:48,38.869566917,-76.980306149
1983dcc3682d7d6f0fbafa184a7bd301,2025/06/07 10:48,38.975259542,-76.997523785
7bce900aa46b68af8f4f218939b9995d,2025/06/07 10:48,38.848668575,-76.975810885
b747b8beef27c0ad794c013bac8df150,2025/06/07 10:48,38.896929502,-77.05122745
1b6924f823c6c10bb6bed3007672dba7,2025/06/07 10:48,38.952249408,-77.002107501
686aad4e2bf313b22f02fd69cfc13800,2025/06/07 10:48,38.945813894,-77.095983028
2aa46938af139c640c6f81e0d80ac765,2025/06/07 10:48,38.988345861,-77.000753403
a8b87db96b6540c663e4f277f37904e6,2025/06/07 10:48,38.821595788,-77.063624859
30dcf8dad43a99254785c2fe33fbd33d,2025/06/07 10:48,38.966379285,-77.005775213
d2c28976041a9176d80adff9a76cd1ab,2025/06/07 10:48,38.876347303,-76.941023827
8c4fd25656cfb1823ccc1a3f41e98cbe,2025/06/07 10:48,38.976010442,-77.027834415
2845f6c2c9f350e229bcd1fdfc887abb,2025/06/07 10:48,38.925051332,-76.972255111
0daa62a009539908a2f0995fd76646c2,2025/06/07 10:48,38.933142781,-77.029315948
271b05d02243a9a5090cdbf16c752cba,2025/06/07 10:48,38.972474694,-76.955463767
3e6191456c9bd751921c2f77c8f0f73f,2025/06/07 10:48,38.820760131,-77.125308394
ab92e0ef814f542663cf378651586da5,2025/06/07 10:48,38.845133305,-77.301929474
72422a451bb5cbd2aa8b8925a4d2d96f,2025/06/07 10:48,38.971606493,-76.996369123
8493653da55ee53a0816fc354a46e754,2025/06/07 10:48,38.984627724,-76.978431106
b1b8cebe5530e0b838dca80a71e1d775,2025/06/07 10:48,38.90167892,-76.941703796
66cf5003fda07928deb170cc032d518e,2025/06/07 10:48,38.875017643,-76.967717886
2281c7a8c23cbee7cc588699bb33ff7c,2025/06/07 10:48,38.962471128,-77.022580624
b82ff689fc5ffc1147c16d663ea26aef,2025/06/07 10:48,39.050708413,-76.988041043
cac314e19781cb4be7089fe1b415a57a,2025/06/07 10:48,38.95183444,-76.96840775
44b5a091e5ef968bd600c551afc17537,2025/06/07 10:48,38.830451727,-77.050411463
6f0038f83df9a918a310525d1f0bad74,2025/06/07 10:48,38.975226521,-76.9637326
da05c7fa93805f9a3715fd0e1f7e5c6d,2025/06/07 10:48,38.981848598,-77.025530219
e58e5f9aa8433c201c732d713b9cbf27,2025/06/07 10:48,38.908912539,-77.112758756
1fb6f474f291f4c73c8220de974522e4,2025/06/07 10:48,38.885019064,-76.951922536
934a58d08bcc6468013061b5d3a670be,2025/06/07 10:48,38.942857146,-77.02796483
55c21e7afcaa8ced6c5910770145b930,2025/06/07 10:48,38.907116532,-76.835988998
5a79e20738639d03b804345128d65edb,2025/06/07 10:48,38.890426874,-76.937351942
ffe78dfe419647df6b22532f30ccbeca,2025/06/07 10:48,38.886651278,-76.934037089
c5940178d652b77df44c9d43eb646eee,2025/06/07 10:48,38.812880158,-77.104884624
5ff985682820d61b914dc3281793d3a9,2025/06/07 10:48,38.830566883,-77.075851679
67bfb6ad49b932b1c5b62a3fd9d6a171,2025/06/07 10:48,38.843137741,-77.07060504
3fe0b68cbde16e401ae1d045a3f352fb,2025/06/07 10:48,38.963539243,-77.035546184
b964754fd2b5d02bb6e2e361e4767f4a,2025/06/07 10:48,38.87918973,-77.104933619
ed07d789fb4d22f5bdb79c895aacfad6,2025/06/07 10:48,39.008247733,-77.040618539
9a99a55f79b3e2e02e4f303548513a8f,2025/06/07 10:48,38.882843018,-77.14410007
70d906ae395f2cdba1c204563312d24a,2025/06/07 10:48,38.954108119,-76.984153628
f7b5525f0e4a920b4271f50bd9cfc6fc,2025/06/07 10:48,38.965732813,-77.003351331
585dc94fd55d09ea9fedcff12d6fd971,2025/06/07 10:48,39.001301646,-77.006638169
1443524855fa5899644dd17185215d4d,2025/06/07 10:48,38.962537885,-77.036524534
bdf68ad4a5fc17fe8a904079b45b9925,2025/06/07 10:48,38.908201218,-77.04349637
311b960148bab4de55d5dbee90e4c835,2025/06/07 10:48,38.87296176,-76.978897333
a4e3968e866cd0b713b09653a3fc074c,2025/06/07 10:48,38.857465982,-77.096791148
9a94c2c2a7139b7d0c8eb6572de3b959,2025/06/07 10:48,38.974641085,-76.960404396
c869c9f36a0205893c67a5b1aa4efd83,2025/06/07 10:48,38.960410833,-76.979835272
d4222f22f9178bba7e72fcfa6f725533,2025/06/07 10:48,38.871681452,-77.110130548
efc64e89d3d4554c68f6c42e0cbd89a8,2025/06/07 10:48,38.988046408,-77.024728775
27df4eef50617665b4a7e9b9dd6865a4,2025/06/07 10:48,38.96257925,-77.033371091
f635659b0d1c4ca2d74ad43151cab1d7,2025/06/07 10:48,38.969558239,-76.972038269
a0ff3a93052250c0a6c5a7696cf6b717,2025/06/07 10:48,38.851894498,-76.989033699
2c451e337a98e12b8ea606b375df0027,2025/06/07 10:48,38.817703605,-77.112814188
6ed4ee371675a193e4fa7cc5c0fc66ac,2025/06/07 10:48,38.944441438,-77.063345194
a3fd15bfa68b3e1f6f3aa5ef2aba8ef2,2025/06/07 10:48,38.975376129,-76.91938293
d50970bf30641a99a2df4bf38d34220e,2025/06/07 10:48,38.901052833,-76.980764389
940803d67e8f6cc9ac50c82daf992f70,2025/06/07 10:48,38.919563055,-76.979999781
36f2e37c7b206604f8897673b3aa5601,2025/06/07 10:48,38.962016463,-77.036540151
7513d49b319f81fdaa3f243129131755,2025/06/07 10:48,39.01809001,-77.02057755
5a313ffb0b690fdadd9ac31b2e8bf8f1,2025/06/07 10:48,38.968851447,-76.996496081
7469a556ebbc45a77ecbc4cadf649601,2025/06/07 10:48,38.816278338000004,-77.127440453
ba21e659d49bda47763cdea0a74bcfd4,2025/06/07 10:48,38.81218791,-77.039916396
7ad76f83928315bc30f8948c7c503daf,2025/06/07 10:48,38.853994727,-77.1011163
cb5a99924ebbaa0408d59c2bd5f472f2,2025/06/07 10:48,38.903661847,-76.982091904
b7331700b134dd26a7567e319ddcf8a4,2025/06/07 10:48,39.106121063,-77.146550894
170445c9e56644e2aae9275f0e552ac3,2025/06/07 10:48,38.884001017,-76.960419416
2b1241ba684412f6158196455ddc6b90,2025/06/07 10:48,38.926376581,-77.013311744
04646e4e3254f381cd9d3e0781d66cfe,2025/06/07 10:48,38.907325149,-77.029642463
8ccc7249fe11bb9fe4fd270d06a34f2f,2025/06/07 10:48,38.970377803,-76.962231755
e896a6754ea78a3712acea11011e429e,2025/06/07 10:48,38.908475399,-77.063532233
196691b2da7d4c4bfa1ee5db2ca74c6c,2025/06/07 10:48,38.884248376,-77.186566472
d4cf97d6896c145ea17a3c0b86d1310a,2025/06/07 10:48,38.848260403,-76.968014717
d4de1e44827e384d4dce51d5907f22a0,2025/06/07 10:48,38.864922523,-77.061470985
ee0febf47b34abc52956cbd6008c7087,2025/06/07 10:48,38.900215745,-77.044975519
e68ce7a6058c73412c83f32925d02118,2025/06/07 10:48,38.959672809,-76.995594382
24b989d2413db631cdcb6bfb28e90d9c,2025/06/07 10:48,39.000534892,-76.995348692
6cec48f4e7d4460563057f0e754635ec,2025/06/07 10:48,38.999028802,-77.040354371
ee49a450c4669d4071fd236a0d8cb133,2025/06/07 10:48,38.831303477,-76.993378878
87e0f5d33fb3c070fa7981973629c155,2025/06/07 10:48,38.867511511000004,-77.001447439
3bcbe6f094d5af419bedd676c72b2901,2025/06/07 10:48,38.945943117,-77.029784203
c935a493a0dfb5af114a9c3bcd53153d,2025/06/07 10:48,38.841195345,-77.063166976
422d6e1192432bc21d1f6dfe2ed12d9d,2025/06/07 10:48,38.853309512,-77.115479469
14dd986a7c650ef7fc0f6d84f66a2e71,2025/06/07 10:48,38.963685751,-77.035292387
bd19aa131a509c2725078c5d4b428723,2025/06/07 10:48,38.842535377,-77.064994097
fe5103041a65dfb5a121749c5233a801,2025/06/07 10:48,38.938969016,-76.965616107
7c78b4b0dbf002d0c13fc7a4e024c27b,2025/06/07 10:48,38.953416228,-76.958822131
b440b0f4a1a0afa6bf38ac7d1a5b257f,2025/06/07 10:48,38.954325318,-76.987997532
2262bc9c70bd30fa36604b2848e64a62,2025/06/07 10:48,38.900398731,-76.861180663
101cc74731de887d252ccec540efa4e0,2025/06/07 10:48,38.91063118,-76.989697814
329a7ee4fa5c70d9a6c638903e4f83ad,2025/06/07 10:48,38.968740225,-76.98449719
0faba3ebc704f7b7fa07a47b4b0231b2,2025/06/07 10:48,38.963891983,-77.001148701
3e0f69bd7c4b0dd72ebc71c8e031147a,2025/06/07 10:48,38.862663269,-77.293963671
0e32b91357990d535934379b4db6870a,2025/06/07 10:48,38.932335734,-76.974266291
ef91b60dc53547d60a3a789fbb61ae0d,2025/06/07 10:48,38.883903384,-76.930603981
f3d840923fe03214d0819e3eae1fa39d,2025/06/07 10:48,38.827664614,-77.112324357
57a246e9fdc6c8089ec2a5958d1019bf,2025/06/07 10:48,38.982793689,-77.023396492
b9124f44809eb510f2a831f03d8c3f94,2025/06/07 10:48,38.93964982,-77.053018928
6934a561d6f92749854c1a3a46f5d7e2,2025/06/07 10:48,38.997301102,-77.025940895
026877c8dbde15d6834fe3421862e7cb,2025/06/07 10:48,38.876473069,-77.0992378
1aff938918b54700bf6cf2eccd521332,2025/06/07 10:48,38.835495710000004,-77.060951233
d15000b10a33c96e5d744dbb4ce40de7,2025/06/07 10:48,38.935956836,-76.979805112
9e5d1c1c2dee1f106e568b77eb090927,2025/06/07 10:48,38.900996566,-77.053401113
f7cd954e2b24ece0d3b06043d602993d,2025/06/07 10:48,38.963670135,-77.03532052
9ad3f993d4061ed732ae8d120694ca2d,2025/06/07 10:48,38.894082427,-77.021813393
229274910f6f8befdcd8231c2d433ec1,2025/06/07 10:48,38.962232113,-76.934989333
9fba2d76f94f7de35257f1a962fd0f26,2025/06/07 10:48,38.983566046,-76.972214818
80ef67011547ea39f1b26c7a9322678a,2025/06/07 10:48,38.951759696,-76.9691993
7f083b8ac6f8cf90adc057087064a8ef,2025/06/07 10:48,38.906426072,-77.035627484
82e2d1d403cb534707db6455e7a34546,2025/06/07 10:48,38.987949014,-77.038378954
ad6505f9fac5caaebc920b5e4dee320e,2025/06/07 10:48,38.950722933,-77.012083292
98314851545660ea3824538b9760f9ca,2025/06/07 10:48,38.923677206,-77.100568771
6a767f8128165c0f5b789f5c0f993488,2025/06/07 10:48,38.949743271,-77.09965992
272d6920d71b028c20e858626baf6770,2025/06/07 10:48,39.050495982,-77.101869702
622fae6197fd92f7c6bbfdbcfb0535ef,2025/06/07 10:48,38.987184048,-77.111730099
50509dfdce7a02e4a5f1272093ee5305,2025/06/07 10:48,38.947071314,-76.975476861
294d3120145b35e4bb6e4a26abd150af,2025/06/07 10:48,38.903730869,-76.926370025
63c94203d882dfb11b76014d82c46d78,2025/06/07 10:48,38.866958499,-77.197370172
7a312608e5c9effe8e0cd17997ee9e59,2025/06/07 10:48,38.974393845,-77.05540967
cca99a8bd504277568e628d8eaaa33a9,2025/06/07 10:48,38.823996186,-77.005730033
2ead4cccf899776d30d004d3944dd303,2025/06/07 10:48,38.938823938,-77.354027629
d43ccc8909b7825b5217e21548462e96,2025/06/07 10:48,38.847199082,-77.088524699
7b242d6c4a2ff44ac172ce11f6ca03ef,2025/06/07 10:48,38.848363042,-76.975775719
fbcd3bae0a8c73beac74b11628b498b1,2025/06/07 10:48,38.94670248,-76.956877232
4d4d2b560ecb3c2e163afd54c37a6259,2025/06/07 10:48,38.897906065,-77.12057519
57500290d1d56c6d76dd727b55ea8848,2025/06/07 10:48,38.84004724,-77.06502986
a06dfd887614f6347d9b7f0fe7d42c0c,2025/06/07 10:48,38.974992037,-77.063056231
f7515a618d476509c4a8f754ae3fe33d,2025/06/07 10:48,38.972736359,-77.055549741
a3ae37c318a80d49f1be676ad3f06a83,2025/06/07 10:48,38.89845717,-77.007467151
1c9ffadd0781be39c9118c34bfb0a384,2025/06/07 10:48,38.943863034,-77.001711011
d870f62a4a0e21ed677b5a937b323301,2025/06/07 10:48,38.801976562,-77.040357828
595164763cda35e7bc4175af794ee97f,2025/06/07 10:48,38.968011975,-76.971439958
55510df0a7e7d22bd26c7c771b3e61d9,2025/06/07 10:48,38.899284244,-77.115054131
36a7f113073c872e5cb8f239f83cc024,2025/06/07 10:48,38.910692215,-76.937420487
479f24b20cca17242841a9b04476c422,2025/06/07 10:48,38.886167049,-77.028339624
f37b47375fe5f3308fce11a214d10ac1,2025/06/07 10:48,38.96022594,-76.98218751
16dcbe50451e4dc048adaadaad421a03,2025/06/07 10:48,38.940508485,-77.015788198
f1ab2e7bf2960e9ba2d940fe87de557f,2025/06/07 10:48,38.90305686,-76.980127573
7baa00bb7477169431463b80f8e7c520,2025/06/07 10:48,38.827962518,-77.123715281
49c488a9154a9ed517420d07fadcbc57,2025/06/07 10:48,38.799366117,-77.129200935
64feeba5745cd9335d15957df4eb9fda,2025/06/07 10:48,38.940803289,-76.988086224
858fa78714d9e5dd4c77ad457ea48adc,2025/06/07 10:48,38.990511417,-77.031717181
cc5f12fa3c99b1267767a30cf8a4ccdf,2025/06/07 10:48,38.878551483,-77.179579973
3f63095a56253c32e46997df958bf89a,2025/06/07 10:48,38.990709782,-76.933702946
e9101fbc7c19775f1110abd8f084929d,2025/06/07 10:48,38.908582449,-77.054897666
c5d319df5c54bdc95981361832141013,2025/06/07 10:48,38.952608705,-76.938256502
5f3e6ff7dd98e1394c5554a42ff99d64,2025/06/07 10:48,38.928421021,-76.95742929
af03da9e99f8f8314656a57d48f5d372,2025/06/07 10:48,38.825330019,-76.985414743
31f39ee94a528afc7f7b06da076a8a50,2025/06/07 10:48,38.953941703,-76.925285697
431c839e1b9305200aa53a3972eb9af4,2025/06/07 10:48,38.908642888,-76.999601483
5c2029b8517a1580bfe65af3576e1374,2025/06/07 10:48,38.961350322,-76.925716043
a05b694feca61b2f72f74c057bb47399,2025/06/07 10:48,38.986583233,-77.026064277
d96c0a56e6a87e00d324e57677bc86d1,2025/06/07 10:48,38.963768363,-76.984543085
2dfe945505c2bf2a77e1af0529bfe338,2025/06/07 10:48,38.820696354,-77.007890105
54480f940452406390a8b409c162be64,2025/06/07 10:48,38.9631778,-76.983049989
1d97bf2e0922019dbf93b6745cec989c,2025/06/07 10:48,39.070637107,-77.111380339
39e3c2d54f0e5f90835be666e47d49a2,2025/06/07 10:48,38.910116434,-77.044481874
da262b8d0addda0edecb828f6ef32c5b,2025/06/07 10:48,38.954268217,-76.98795259
6bdfe9873fe1c93c05067acd649dff86,2025/06/07 10:48,38.908056617,-77.119310021
6bce848e07f142683eda6311ef25cba6,2025/06/07 10:48,38.947995424,-77.079099298
60a6a195e587349ee549ebc7b5f9bf2f,2025/06/07 10:48,38.860121727,-77.10078156
6994308ec473ba8f143b630a6ae29545,2025/06/07 10:48,38.900788903,-77.026927233
7ef5d80c0a302640b2c15810d8415831,2025/06/07 10:48,38.886608124,-76.911080837
1ce83aad0e66bfb094dac63de08b4373,2025/06/07 10:48,38.983331442,-77.005107999
4a746511f32323502479947aa5c25ba2,2025/06/07 10:48,38.850555778,-76.994644165
a44aeed631e46ff062857671caffea22,2025/06/07 10:48,39.019509315,-77.011464119
107b5926946f495688d362e601cf5798,2025/06/07 10:48,38.98538959,-77.071261406
d30e2b024f9678860890ebc548ddcd62,2025/06/07 10:48,38.964888096,-77.325029969
f0e517674497b486ec52c8f3e4ee6668,2025/06/07 10:48,38.957406402,-76.930250287
4c2d760bb07493c3b317f80079dc25a5,2025/06/07 10:48,38.927671671,-76.991024971
11eea27d0e65042e5217bf885a4e5baf,2025/06/07 10:48,38.891959429,-76.955578327
adbfbb7c5d9b43a45f08f1f29b7c54aa,2025/06/07 10:48,38.860472202,-77.074071288
96cbc658f5530a305302311500efd829,2025/06/07 10:48,38.961800694,-77.073908329
d42a1236eca82a295ac034928edc840c,2025/06/07 10:48,38.966186404,-77.072178245
e0812c4f71fdebba4497fb9d693566c2,2025/06/07 10:48,38.855002046,-76.971789479
2195ad947c44375bf64cbffe3057eef8,2025/06/07 10:48,38.982347727,-77.008247972
f3c6df2c7cc8c4d3f39f79cfe9132ce3,2025/06/07 10:48,38.839538336,-76.977563739
830e88c8295800664b517051db566a3f,2025/06/07 10:48,38.875761151,-76.868989348
35b2a985e1eda7de24f4d5cd598d2afb,2025/06/07 10:48,38.966206312,-77.035145044
375b447341d42cfc86e8e7bb6ec3c4c5,2025/06/07 10:48,38.970139027,-77.006255507
7772195f5b4e4cbeb0646af790078dd0,2025/06/07 10:48,38.897494197,-77.118929744
17c55b0bcc0555e2ba9dedd52c4aa6fe,2025/06/07 10:48,38.900510669,-76.988298178
8737640908aaf250fcd5ee61515018ce,2025/06/07 10:48,38.891669989,-77.08766675
53292c75c8c5f367d3a58049190acca9,2025/06/07 10:48,38.95876205,-76.924991846
5f848238f108569285a315caf262bb39,2025/06/07 10:48,38.821682096,-77.063665271
169e6723e9e62606e0eed2fc47e01c71,2025/06/07 10:48,38.908195853,-76.929090858
bde21c3a681c163b19425657422ab979,2025/06/07 10:48,38.960137248,-76.926561117
7d32258cb33c12ca471dca6c384921dc,2025/06/07 10:48,38.942423701,-77.002101183
be8eec9df45ac9523076aa92081ca6f2,2025/06/07 10:48,38.835246921,-77.045343876
22d7063d5bacdb8288fb79998ca39f97,2025/06/07 10:48,38.952866077,-76.980071068
d5cb23d6f5cab6a290717cc8146dbe9c,2025/06/07 10:48,38.921311736,-76.95070231
f36636cd6d65057e875c98cbf54b6ade,2025/06/07 10:48,39.059555292,-76.970786691
c844b46b8b70cb7ee5193e8f2d323198,2025/06/07 10:48,38.925537825,-77.027053952
24ce6b3c0358aed7e2b25a0d5fcc7070,2025/06/07 10:48,38.926256895,-77.006399632
a5d98180b4ebf309da0a6563bac32bcf,2025/06/07 10:48,38.925417662,-77.067708015
c8cdfec6a3f82b78215ae16e2a0e5df7,2025/06/07 10:48,38.968592167,-77.028095126
20b28a65518b595adfecd00a9fd9f5e6,2025/06/07 10:48,38.953754663,-76.953647137
4b03fa4a18a3ba82ab1d4ce85c65af0c,2025/06/07 10:48,38.91153276,-77.003200054
9c4883b728b16a42e92578d23c3e83d9,2025/06/07 10:48,38.894173384,-77.107609272
799781ea6c3d6fa7d46148fa1f7980d0,2025/06/07 10:48,38.853560448,-76.995913267
e5630342357fc055bde702bc40dae61b,2025/06/07 10:48,38.859229207,-76.984499454
23da94fbe42daeb9d9363fc67e20bd46,2025/06/07 10:48,38.876349568,-76.966752172
9745569296abcd7010da3478d1f3abb6,2025/06/07 10:48,39.008603096,-77.041179657
568853266713eddce57f40da1aa23186,2025/06/07 10:48,38.956086278,-77.025861025
b760d9ceb3c436581a4a5d68a83fec42,2025/06/07 10:48,38.968427658,-76.989351511
ef62899a9e8ce4e3534066d1b57fa937,2025/06/07 10:48,38.987222791,-76.985233188
272971851e598676161b0c73135bc723,2025/06/07 10:48,38.932604194,-77.034520268
a5e0360453c7d786f6a9f0c3859719ed,2025/06/07 10:48,38.856640458,-76.991029859
c12299e11faf5bca49f52226b0596bbb,2025/06/07 10:48,38.964703798,-77.035874367
489b0b178ca3d2ef653907bd095d12e2,2025/06/07 10:48,38.961395025,-76.965317011
9102daa050eefeed66c05643890abce3,2025/06/07 10:48,39.006879091,-77.026075363
65baf72e770bd86233f05c436aaf1c60,2025/06/07 10:48,38.940464377,-77.030018806
6b9539d314a39fc310f1eb624b1f99d1,2025/06/07 10:48,38.848497629,-76.975593567
666d799c6267bacaa0807174fac7ad9f,2025/06/07 10:48,38.89520371,-77.02725637
84aa8fbb33bccceaa4e86f20b669f340,2025/06/07 10:48,38.932358861,-76.974262953
de88004ad1c6adc18852b322d02bc5f5,2025/06/07 10:48,38.844282389,-77.067509532
9864a7e9b2b9c49b67d4605b45c0857b,2025/06/07 10:48,38.922897696,-76.950185895
8e0fd67908b86ce3700bbb5858c6eb29,2025/06/07 10:48,38.940301061,-77.077298164
bd132b8bc54bf8bd49efdde2cbe74ae6,2025/06/07 10:48,38.860386133,-76.949383736
8037dbb102d17501fcc49740309059dd,2025/06/07 10:48,38.946411133,-76.946005106
3acbe07b133390c447159928f247c470,2025/06/07 10:48,38.964887261,-77.035657525
132bbd2dcca616ecab8241ca59bf8c4f,2025/06/07 10:48,38.94455409,-77.094822288
c9e7571e57b9add64e9e28a6a3c36989,2025/06/07 10:48,38.9049685,-77.062729597
1a90868459ee789adb12e183edf39bc6,2025/06/07 10:48,38.988931656,-77.001207948
880274b5a2d1fb2e3b933602dae6b5a2,2025/06/07 10:48,39.026503086,-77.036527753
27879cb1f10f072629073f712f46b8e8,2025/06/07 10:48,38.946478724,-77.026797295
ef7b16342eea849c18e4b9ac627929e8,2025/06/07 10:48,38.880090475,-76.995066524
1fcd64084534730ebb3a36bba7bd4f7a,2025/06/07 10:48,38.836960912,-77.103140473
331c73043948bf15172fa5b72565024f,2025/06/07 10:48,38.952932596,-76.938017607
c61485679099dd6ceb0120f6926199de,2025/06/07 10:48,38.889344454,-76.953996539
e77be8c2b8c5e7645ca2387705d16dc4,2025/06/07 10:48,39.004135132,-77.007646322
f6913c5f93bc980d45e7b19df810f405,2025/06/07 10:48,38.826410294,-76.999721169
c2c3bc0005f595e2655e6b1d56e5fb9f,2025/06/07 10:48,38.844840646,-77.070198655
f07394a06c9cedb4d9cfb6a4da027c0e,2025/06/07 10:48,38.957305431,-77.030616164
98fb27240c780034b2dbf96e4b987346,2025/06/07 10:48,38.778727412,-77.175888777
146dd5ba5e264fc0d54bd5d3012df4be,2025/06/07 10:48,38.907114625,-77.051369905
925cf418d06fea9d329ea4c292aaac04,2025/06/07 10:48,38.971984029,-76.989364743
80770ac1f343f45880f9bd1bb267750a,2025/06/07 10:48,38.85681057,-76.990676999
9e560d77bbb9189b683a247116c21c2a,2025/06/07 10:48,38.978863597,-77.056828022
05525a72526e0a3ca1a85fb5b7a50a3e,2025/06/07 10:48,38.928075433,-76.960571408
1ab233e84d7974561733cd12415d6966,2025/06/07 10:48,38.960520029,-76.999569535
5081eae786cf8af2b2c39404238bb2e3,2025/06/07 10:48,38.899289608,-77.11504519
31afe117ec028fdd3e0e24bb693fb16b,2025/06/07 10:48,38.981349945,-76.970024347
944b09631371ddd8c573792ccd6515e6,2025/06/07 10:48,38.868743777,-77.179063082
997ca3c9610774576ffa4b2c41f4cec7,2025/06/07 10:48,38.978477001,-76.974963546
819d83bb5d69bb759c3f54042f243ed2,2025/06/07 10:48,38.964009285,-76.981092572
0d07277fdf7621210a95a76ab392e986,2025/06/07 10:48,38.946648121,-76.995038271
4a60a097218b5ba14de597fee399742c,2025/06/07 10:48,38.895980597,-77.026049137
9a0563cd7995401722055bc0279e64bf,2025/06/07 10:48,38.8552562,-77.083943248
4a683dc7fefcef029f1e25968e657f18,2025/06/07 10:48,38.901235342,-77.048520923
85eb4865bb39ee9c4e815d889342c8fd,2025/06/07 10:48,38.93246913,-77.065752506
f8afb2d68651302540d31f2ff6e8c759,2025/06/07 10:48,38.948265672,-76.93027997
472202db5a248634ac26f74395d2bf34,2025/06/07 10:48,38.878501296,-77.016234636
f73dd4ffbd47f43818e36fc9f11b8722,2025/06/07 10:48,38.946880817,-77.35119772
9daf0145b858925f5efab0ff99e5bf57,2025/06/07 10:48,38.933124304,-77.029409766
4f2fca7998034a0b5f9b3e0b8b8ddc06,2025/06/07 10:48,38.876154065,-76.966414809
7162e2852dc6a888620dedacc88458bd,2025/06/07 10:48,38.931597471,-76.994807005
f656d3b34797f3f0b39170488d64b412,2025/06/07 10:48,38.850627184,-76.978045583
ecf77c6441a6d1e2e45162df92d123ce,2025/06/07 10:48,38.940579534,-77.086020112
fb34ff4ae10b21d3c71988168515bf0f,2025/06/07 10:48,38.898527503,-76.931850433
9b192c37cb85da6a8510d9f2e83b561d,2025/06/07 10:48,38.969617009,-76.977473974
79ec069b92d012fb82969c3e5e09724c,2025/06/07 10:48,39.003653407,-76.908628941
8e97d948dd7613c8bb3f3f828695a346,2025/06/07 10:48,38.869384646,-77.096006036
625fd31e311380ab95954d45a7b962db,2025/06/07 10:48,38.979051828,-76.99053669
a4d647db3f6990bf0281afeb448820d0,2025/06/07 10:48,38.909324884,-76.999847054
fe1c8bc339300d03c022924b804f6fee,2025/06/07 10:48,38.954086304,-76.994361401
b08dc0e66cb94e6e684e144dd5c7714c,2025/06/07 10:48,38.903505325,-76.98907268
7995f0d46b82f19ba69ba5c487c2f3f4,2025/06/07 10:48,38.972237945,-76.970561504
25f050ede7500a91062ecfe6e571b381,2025/06/07 10:48,38.831554532,-76.992834687
f6c14e54b9779691a82860005654ce69,2025/06/07 10:48,38.954081893,-76.994354248
9d6d5c05112eac0239c58acf2ca78385,2025/06/07 10:48,38.906109452,-76.977660298
1b5f37918cf6d51a60ce734acd390d41,2025/06/07 10:48,38.905575871,-77.065258622
e2a2fbf663a2e8b4b22f54b1dd9995be,2025/06/07 10:48,38.939871788,-77.052397847
0a11b882350ca916af361af02863303a,2025/06/07 10:48,38.898753047,-76.936656833
44d8208159d35541003233425dc1fac3,2025/06/07 10:48,38.965381503,-76.981853962
cf93813a43b9b8d16cc780fb172e6abb,2025/06/07 10:48,38.93525064,-77.019436955
0eb63c4a62892c0d7ec1343c1adfc7ea,2025/06/07 10:48,38.804664493,-77.096776485
21675b433d5f04aaac8f6486d15e6d98,2025/06/07 10:48,38.885013938,-76.957640409
7572a961b5d02e6073c27efa4a82c24d,2025/06/07 10:48,38.871279955,-77.143126845
78afba320516e63037b256e2b14608a9,2025/06/07 10:48,38.90833497,-77.035595179
0907d69dd15efbae15c713f31e542eb5,2025/06/07 10:48,38.818964243,-77.06572473
4a998892d133c95171ecd6458411025f,2025/06/07 10:48,38.815161347,-77.13665092
018069f8f9302ee86d12727d68f31fd1,2025/06/07 10:48,38.869555354,-76.964166641
453554fc6ba3348222c4e815ce1d0848,2025/06/07 10:48,38.904406548,-77.061132789
879eb0ed8be25d6de88d0f7a2cbe8a8b,2025/06/07 10:48,39.020372033,-77.015227914
786301526c995b94cac6914c5b6a9729,2025/06/07 10:48,38.848349929,-77.051412463
1cd00dcdb281ad0c8d5d7eae6660b14f,2025/06/07 10:48,38.842411041,-77.064902067
8e00fb8e2e0a1ac3f4f3382566e30aca,2025/06/07 10:48,38.953737617,-76.953619003
4bc3614d86944bf6be9f54af178a78e4,2025/06/07 10:48,38.93363595,-77.362312078
e426ff7ce8efb76b2e72c00d09dc2810,2025/06/07 10:48,38.936955094,-77.059113622
044100bc3dc5e16895159bfe6409967c,2025/06/07 10:48,38.963576436,-77.075358987
9a732b3217ec5d6b13997be3bf0534f0,2025/06/07 10:48,38.953477263,-77.028481007
e1be779b1d98949afa073663c915a027,2025/06/07 10:48,38.934088349,-76.95803678
4c228185d32891788ffebcc2158dbfc4,2025/06/07 10:48,38.817795277,-77.11196959
996396f812e65493506921ba9350a624,2025/06/07 10:48,38.847575903,-76.97272253
1cc0a3d34fde8159eca5f4ac64b8bfe8,2025/06/07 10:48,38.981882334,-77.023300886
93f930e10f42d70383e02454c82ce543,2025/06/07 10:48,38.909567714,-77.048280358
68137d1457f1116d7221e76a6c61a169,2025/06/07 10:48,38.830250502,-77.062238812
97f3b671055784ba090d119796f62d47,2025/06/07 10:48,38.955141783,-76.996955752
c55ab6f5746ac94bebd12c884786c2f4,2025/06/07 10:48,38.857346177,-76.977212191
8c3f471e48bbf20e273b649eb8c81814,2025/06/07 10:48,38.919576526,-76.972625971
cbd51decbeb821212f581dcb76012182,2025/06/07 10:48,38.843112111,-77.070602655
218cab81716b69c8c749d56c97f34b02,2025/06/07 10:48,38.976400852,-76.995049119
3b052f26968a648de790f50afa192635,2025/06/07 10:48,38.95411849,-76.984169126
0d2159456db400ba4c69023a014ae8b5,2025/06/07 10:48,38.943663001,-77.093680739
5f4e0c85d03080fd90d5d419311702dd,2025/06/07 10:48,38.985088706,-77.034365535
8b79b706ee7d65cc802e0b82cd9c188d,2025/06/07 10:48,38.855173349,-77.112654686
86446cff0bc6adf894b5fc7569c62678,2025/06/07 10:48,38.892530441,-77.082135797
51992f62e040dbe19479e864c4c387a1,2025/06/07 10:48,38.947331786,-76.955699205
f0cb4a21458e63433bdefae60c82076f,2025/06/07 10:48,38.951523781,-76.950899005
c7f090e853c0777f60e6d5d47c533f2c,2025/06/07 10:48,38.897973895,-76.916550398
2d70907ccc1c27d883ea5faf068a0e50,2025/06/07 10:48,38.968835115,-76.988562703
d4a3c4c2169017fa0babcf58a9648bad,2025/06/07 10:48,38.949068785,-76.928854823
a113acb1b64791c00f45225580ced9f7,2025/06/07 10:48,38.847635031,-76.972725034
a6e4fb10724b827c7cef4f16afae786d,2025/06/07 10:48,38.911243558,-77.003043771
df2680fe1ece53f6bd9a85405acf5e77,2025/06/07 10:48,38.848045945,-77.07065773
088ac4cd60a813d892b65ad67e209c59,2025/06/07 10:48,38.950907826,-76.997951746
11a61d5a08fbc5811245dff1171657a0,2025/06/07 10:48,38.882458687,-76.995630026
2520c647af363a78b0e714ab231f8378,2025/06/07 10:48,38.906710505,-76.935051084
485050a34d6865ec0cc0c00d93347ae1,2025/06/07 10:48,38.869981408,-76.973794103
bbdb01ef62cbdf44d949465a3d641113,2025/06/07 10:48,38.955108285,-77.028400064
ab377c27125bd5775011fe89a702a471,2025/06/07 10:48,38.81604898,-76.996652246
26f5f15fe42ecf86d2591ad94c4667eb,2025/06/07 10:48,38.88499558,-76.951927185
2ad97002752d37f23356439d07321bce,2025/06/07 10:48,38.955239415,-77.023126721
4edfd5a7de2da05f941c824f208b501d,2025/06/07 10:48,38.940295219,-77.077199697
6440e9476321ff0354695fc1bb8f644c,2025/06/07 10:48,38.945625067,-76.952476025
f907d6b07e755382c2e0e7d35874b9e9,2025/06/07 10:48,38.966685653,-77.007322907
5685f4b406182c9c0af1a9449ceef181,2025/06/07 10:48,38.951358557,-76.959780693
41530e6465b794da8d811d846a214f69,2025/06/07 10:48,38.955514669,-76.969003558
0cf613b97cfecba1de8ddad5437ca454,2025/06/07 10:48,38.955504298,-76.968869805
4d0bf8e2a88caa1ed80aaadef00e612d,2025/06/07 10:48,39.001242042,-76.910148263
41e06789f6c5d29f3ecd940030fc2a06,2025/06/07 10:48,38.921043634,-77.086143851
0d1db49c7370151623db6326d2a977da,2025/06/07 10:48,38.897330046,-77.193434119
366840a03fee53d9ade0ca287b0cd0e4,2025/06/07 10:48,38.960903287,-77.035058856
404e9a998628526ab3fef413d2c4aefe,2025/06/07 10:48,38.894801021,-77.190879703
3651126cfc91f597d71b4544d7283df8,2025/06/07 10:48,38.896679401,-77.091128945
960ca825d6460781907dde49a97e95b5,2025/06/07 10:48,38.97120297,-76.977948189
abf8baef5a3634728a81b7c71bfa861c,2025/06/07 10:48,38.982343435,-76.993328571
d2bcd62e05d08a804a9aa1cbd7436a82,2025/06/07 10:48,38.868042827,-76.954699516
84821fd7a7e766ab24325d534e643460,2025/06/07 10:48,38.99084866,-77.016381741
7c39e774b111951375a8ee4d499c8f06,2025/06/07 10:48,38.951260567,-77.011965275
58e359d07de8a0135b524316f2715b89,2025/06/07 10:48,38.97599566,-77.040503383
0e8f078c3e4ca55826df82d32dbebde4,2025/06/07 10:48,38.817760348,-77.111728191
9e1de7381a330952ebb8c746d59c5390,2025/06/07 10:48,38.943503737,-77.003810763
8fc9ce410219729d94ca0264ce305da0,2025/06/07 10:48,38.945095301,-77.03482604
fee7813b62d5e3dbdeb137d25de14483,2025/06/07 10:48,38.999043703,-76.987193823
01802432a55325e366593e26bb2f80d4,2025/06/07 10:48,38.96305263,-77.01109755
f58bcad90d7a25f49c43d807133b9b03,2025/06/07 10:48,38.926234245,-77.107873678
6043aced52fc33151ff18b7ab921dc58,2025/06/07 10:48,38.843268275,-77.070317268
bbf946b243a904bcea1b5c115e1ac104,2025/06/07 10:48,38.995581388,-77.026970387
a6592eddf05183a36f2dab68efe9c33e,2025/06/07 10:48,38.954559088,-76.98801136
9cc9f4cd04db6635aca0a8374d14777f,2025/06/07 10:48,38.943846464,-77.001680851
fa1e53a41e90c2b27876b71c3e8a2792,2025/06/07 10:48,38.974168301,-76.984366298
cf15ec9cc5f41903bfe259110ca40741,2025/06/07 10:48,38.975772977,-76.962981582
72909731106e74f8c9b1198b23b1a179,2025/06/07 10:48,38.86478126,-77.198487639
c7379335a370dbf2c0c0b8e3b59a7012,2025/06/07 10:48,38.868829608,-76.938941717
fd158ccc529c8a043b96a6d8cfb2b002,2025/06/07 10:48,39.000375867,-76.997443914
b143ab5294a4a04152712a98b1d5e3d1,2025/06/07 10:48,38.982070923,-77.009980083
2c6fc7a92931e5dea9ef61c130d23c28,2025/06/07 10:48,38.999058366,-76.987547278
ff9c4d48e464b37e077870956ce8c222,2025/06/07 10:48,38.939704061,-76.948833704
50815143a2876365fa1d41705137c826,2025/06/07 10:48,39.029227138,-77.036844254
74937ecd0eb59b1131869a1adc38be0e,2025/06/07 10:48,38.893209934,-76.923464179
30977959ae260cbf1e38b81ef63c2bac,2025/06/07 10:48,38.88128531,-76.915245771
2ac9e4ffd81dc34efdcc2405722fec4c,2025/06/07 10:48,38.936412573,-77.020596743
4bb704e0fa079d34458eee890cfee663,2025/06/07 10:48,38.856881618,-77.112826824
c591098283f09ac4682d60412462da6d,2025/06/07 10:48,39.006829262,-77.040492058
d3004382904d7a51464e8f37c6961666,2025/06/07 10:48,38.803335905,-77.053143978
dadcc0d74876e6cf69e3a3c688dce9ff,2025/06/07 10:48,38.870945454,-77.096740842
72ff5434682c2e5551709826e99e65d0,2025/06/07 10:48,38.993893623,-77.016493082
802d190c7eebccf913254503c6992d38,2025/06/07 10:48,38.900294542,-76.989173889
9cb0da15895c912af22bc4f410479fe4,2025/06/07 10:48,38.97284627,-77.091298342
9717f95dbf66d1dc409d77ef85763140,2025/06/07 10:48,38.905337214,-76.950466871
b20a61e3aeea0c1a80966275cfa1a979,2025/06/07 10:48,38.899508953,-76.977394223
5fa14cd5f684f3fb6c73db4217ff240b,2025/06/07 10:48,38.900145054,-76.99250865
5b453dc77087200e2949bae433b7ff71,2025/06/07 10:48,38.995420694,-77.024250865
87a2d35dd3d649d79e240fa9d5c75fdf,2025/06/07 10:48,38.870147109,-76.973313212
c80270e5e60a4de29a1c478c67a3446b,2025/06/07 10:48,38.962747931,-77.06155467
906e4d0df68a2f9fe5d2963d51ea2271,2025/06/07 10:48,39.05697763,-77.105596185
b6f9a7200c23501deccc5317bd785fee,2025/06/07 10:48,38.925767064,-77.005688429
122511c8edc87d5fe1f966b5495173e3,2025/06/07 10:48,38.95194447,-76.94348371
1300dbce1d2df369469405688d25b6e4,2025/06/07 10:48,38.851089835,-77.100054264
9c143c29a12927b4eae955cc4504c4df,2025/06/07 10:48,38.901438355,-77.054090858
693090b4636b9107c5fff7f2632fd45f,2025/06/07 10:48,38.961742163,-77.052892804
6e2cc98de83f3bc76b01dab2fe66aec7,2025/06/07 10:48,38.996407628,-76.980265856
45c4df850b95e91a5d3ba3acbe48b07a,2025/06/07 10:48,38.804278612,-77.097387552
1cb435034a1d38e52f771f83025aef17,2025/06/07 10:48,38.86093688,-76.94942379
289ccd1d9ed58c57c12c74d64ffb1b88,2025/06/07 10:48,38.88016057,-76.995098591
82cc3bdedd018a04d8c6e6cd4e91faca,2025/06/07 10:48,38.950017214,-77.015102029
1c9d1d8798873ce8c0bbb7363103b158,2025/06/07 10:48,38.885348916,-77.094675541
e6480032c1b5b055bae701dd3dec6ecd,2025/06/07 10:48,38.950697422,-76.996533513
d2a5d16b11c38bcf8a50d4898ca11d9e,2025/06/07 10:48,38.887981057,-77.120940089
7a14dfc8382fee43a34f3702332311bf,2025/06/07 10:48,39.004928827,-77.01273191
051c419cebb62d6da9fc3191d8814885,2025/06/07 10:48,39.01144731,-77.045629025
55c6de27fdc988805c7dc616e1eea5ab,2025/06/07 10:48,38.840054631,-76.987268567
79864f90917a6d6402dc39cf7059d35e,2025/06/07 10:48,38.937729001,-77.019661665
1a743729f6ea50b0f7cbb7368b57d3b1,2025/06/07 10:48,38.945954561,-77.029776931
1438b771ad10b8a59997f3b5a66bc809,2025/06/07 10:48,38.961282253,-77.009670019
40eb6bd5949cb237b896b0bdfc603d48,2025/06/07 10:48,38.935747862,-76.981499672
17023dd858d1229984f170b8a042cc7f,2025/06/07 10:48,38.966259241,-77.026857615
419e8e78884371ed5cd403bf15289f17,2025/06/07 10:48,39.003407955,-76.987672329
28d3d2c425ba7ed8082689d43b75e6a8,2025/06/07 10:48,38.846559286,-77.086446643
67429ccc743a642c708dd71384ac4fc5,2025/06/07 10:48,38.928896666,-77.118593693
9addaaa83363c2398aae7c17d7a2da0b,2025/06/07 10:48,38.963764191,-76.984459758
08818fb6c13919385c942529f10e8039,2025/06/07 10:48,38.801152587,-77.052239537
409dc1667ebf267348eea4c0b57d49db,2025/06/07 10:48,38.813351393,-77.059078813
26b9804a10e1e5489c75deb1d50a05fb,2025/06/07 10:48,38.954923391,-77.024086475
b2b6b8cb5ded3510e30c446e5e2eef3c,2025/06/07 10:48,38.938439965,-77.062460423
e97e2d7d1afdfd6345f56f660061a024,2025/06/07 10:48,38.870819449,-77.010794759
fd65c354aec3aaab374fd2308e6c76c6,2025/06/07 10:48,38.950607419,-77.016795993
c3c80258fb1dc7987ff2dd928704ecba,2025/06/07 10:48,39.003233433,-77.052235961
b94cd821f2b3868e2e798053eabe08b5,2025/06/07 10:48,38.858423591,-77.098400593
02e198a7e81bc641285263039edd951f,2025/06/07 10:48,38.870334029,-77.124091029
c62ab2a8b272993e8acd27897b96aef0,2025/06/07 10:48,38.958245754000004,-76.987322927
c630b7d65a9cdda193c0d9312b4447c5,2025/06/07 10:48,38.88296032,-76.959782958
37cc754918efba470578f3733ac1060c,2025/06/07 10:48,38.847946286,-77.118953228
d87e1ed97bde315c6b143a2fc1ae75a9,2025/06/07 10:48,38.851074815,-76.96320653
77e2224a2192fc81f04b42540618e260,2025/06/07 10:48,38.904865026,-77.062839389
7f677efdf868279d393cde492e7338cc,2025/06/07 10:48,38.935918808,-76.97973907
c63f03d64cc81b6b4f513e287b894635,2025/06/07 10:48,38.809565187,-77.128959298
da4f5d13cac3c31fea4c223b758f30f5,2025/06/07 10:48,38.822344065,-77.123484373
77ab554e34b9b7f28bd89766f943f64c,2025/06/07 10:48,38.896121979,-77.022108912
0f24bf7c0b83583892951b15266ab558,2025/06/07 10:48,38.899948359,-76.927651882
79a0d2a255bd576cdfbb759564e380b3,2025/06/07 10:48,38.889962196,-76.951017857
4cb37a6749639332e0c4573d8745e80a,2025/06/07 10:48,38.902838945,-76.975591183
ffcd2801d5d4496dbb77997a99442c78,2025/06/07 10:48,38.958972454,-76.970952868
6fdd1861fe167e12eb285245f5713909,2025/06/07 10:48,38.973953009,-76.961514354
3bac18f99898f0a9ecf3938b7d15672b,2025/06/07 10:48,38.905670762,-77.06199789
0cd7a2f470de6fa7eb2b4087b8d8dcf4,2025/06/07 10:48,38.972235799,-76.97048568700001
8c8a09c90d9a6dd09a8585ed932af50b,2025/06/07 10:48,38.998154163,-77.050478697
7602d2bc1fc5f44c608aa70576a9d741,2025/06/07 10:48,38.893739581,-76.927823305
733d308455e15bc6aa867177ad5b05a3,2025/06/07 10:48,38.829903722,-76.990468144
3a0d112ae909b39ef98a9c68f6ee6a39,2025/06/07 10:48,38.994294763,-77.052461624
dd44979dc2672177da759946df6eea6b,2025/06/07 10:48,38.868237019,-77.117152333
c028680161c5d164414db432174ef988,2025/06/07 10:48,38.952184439,-77.002348542
433ae7acf5be279f86b39e7469a27ae4,2025/06/07 10:48,38.930622697,-77.042514563
3b099c594727a0c191440e9b4a10467c,2025/06/07 10:48,38.910554647,-76.990081191
c2a6b138c28d4f75ad4f1f7eb3ba86fc,2025/06/07 10:48,38.948482156,-76.972093701
6db95885172ca439d54ee5ad38312a08,2025/06/07 10:48,39.056547403,-77.122561455
4dd4f12510700c6991c8bcd54b043d25,2025/06/07 10:48,38.969827533,-77.373881698
bfdc43b40e41d00e38839862a6690787,2025/06/07 10:48,38.855134964,-77.120134354
4ddf1235b1bf3322210e894ec0758082,2025/06/07 10:48,38.894700408,-77.021199346
00b1dd8dfc5e55103c87e61cac207d9b,2025/06/07 10:48,38.839598179,-77.10039115
e8e5bf0737484e6edcfc70fc2ce6a041,2025/06/07 10:48,38.949678421,-77.056552887
c9fb0bc780d12f9aba1f23bf5767815f,2025/06/07 10:48,39.002892494,-76.904902339
625653b78a15bb6fd5b6e783d7a5256c,2025/06/07 10:48,38.959863424,-76.926518917
2a54aedf1a391faa0251a251a0cdcac7,2025/06/07 10:48,38.897383571,-76.938738227
62fbb1daeed9abf3cab2623c25fe56a7,2025/06/07 10:48,38.901735902,-76.980661392
8c9da08982b9e1e3f185f3a0a6c1f507,2025/06/07 10:48,38.831958413,-76.996857524
0c0456a119ad6460260365488411c9fa,2025/06/07 10:48,38.909100533,-76.934489131
6c581e6a5595fff1d6f81155493a4132,2025/06/07 10:48,38.856597543,-76.97812283
c7db79f927f6d2018fc32601a202a09a,2025/06/07 10:48,38.936496377,-77.361786246
1822dbfe09d0cc3e143c7191b440ecdd,2025/06/07 10:48,38.869588494,-77.081314325
0009f3eac75da627686129c2579422c5,2025/06/07 10:48,38.881129146,-77.094333291
f0ef6b176078c1557284a06fc5832b2b,2025/06/07 10:48,38.865172148,-77.323041201
be9dbf9ef9f8841c9c2e7685795743af,2025/06/07 10:48,38.900017381,-77.044890761
037f34b69dd62b9e3f78d80f6b49780a,2025/06/07 10:48,38.975325346,-76.979866982
935243425b8381f7f550daaf7c0cb1f7,2025/06/07 10:48,38.92110467,-76.954202175
3dbeab084192f40dff1a0cdbe931ae94,2025/06/07 10:48,38.804301262,-77.097385168
4c6780d39059d8951cef028680f0eadc,2025/06/07 10:48,38.897574663,-76.916074872
22919fffc56a75b965355252f61a6456,2025/06/07 10:48,38.868995667,-77.146487355
aebd929dcfaaa8111f27e3113650b7f2,2025/06/07 10:48,38.88294673,-77.11079371
49e2fc186fa1174a7777285c99368e31,2025/06/07 10:48,38.876305342,-76.941018224
13d02ab1e67f32ba574ebe99a1596d48,2025/06/07 10:48,38.844450951,-77.068227649
d8e5a6ff5424dfb6b5a0780f73b1f054,2025/06/07 10:48,38.857360125,-76.986990333
e850d34b6ef4c084a6c420b8dc1e5bbf,2025/06/07 10:48,38.898528934,-76.931893349
6f7b008f3d2b52b495c1257d292276af,2025/06/07 10:48,38.951003194,-76.948247313
5367683b825bee186310a4bccadd8f0d,2025/06/07 10:48,38.774624705,-77.172867656
fe1e921bec27b067e413875f4790e36a,2025/06/07 10:48,38.870394349,-76.983348966
4c6b797a426be2030cc27d49d4208145,2025/06/07 10:48,38.926563859,-77.234049559
c59474db6882859b1d12dc4159c1c626,2025/06/07 10:48,38.931158543,-76.966697216
da0724387f7938d36653de9d5eca0361,2025/06/07 10:48,38.869447231,-76.947582722
cebcd7dc22ec65b5baf63a8113ad0c85,2025/06/07 10:48,38.973650813,-76.994094849
a383cd5156b4c4e479379c11c4d67301,2025/06/07 10:48,38.868356824,-76.970984697
436086b3769880a34121abf859949990,2025/06/07 10:48,38.814734578,-77.002006531
14fd6768ebe867cd8b928ecdb425cef5,2025/06/07 10:48,38.842540026,-77.269929528
bd0b151d05ac45b5013dcb2f9f5edd99,2025/06/07 10:48,38.840954542,-77.101099372
7226352bfb02577dfcb9e43eb8c2d586,2025/06/07 10:48,38.844566107,-77.068307161
9a28375fd6c3d2cf3756fbf19c04ad43,2025/06/07 10:48,38.948185086,-76.957068801
4fb77b56d42ca45ab3ae78c6fdc228e1,2025/06/07 10:48,38.853689909,-77.134657502
b2b1820e040919f93b7eca66965f2c25,2025/06/07 10:48,39.026697874,-77.010350943
ad615471814bbd2578c54a98947bf250,2025/06/07 10:48,38.824676633,-76.986635566
b6b1e0944f46d1278ec52090f3ffc5ee,2025/06/07 10:48,38.823550105,-77.123609304
dc066cfe9bd91289155cc55eed2209c4,2025/06/07 10:48,38.94319725,-77.077699065
e4d32ec9a0425ac9e610af75856162e9,2025/06/07 10:48,38.914889932,-77.041577458
7b57b1e2c4b59fe711acf1cfb5ca9571,2025/06/07 10:48,38.867798448,-76.939130902
bae2dbc74b7ea329e3dfa4832aeec052,2025/06/07 10:48,38.963375092,-76.999035478
f69822ec9e3064c994675be4cda4d890,2025/06/07 10:48,38.883059502,-77.134511352
05515df126a231a5b88243909920c717,2025/06/07 10:48,38.842553139,-77.062241554
38f98632228efe30df589407d3c8cb0e,2025/06/07 10:48,38.829090834,-77.092660427
ffd5f4155ae0a3b0d2a18f2bf77819f4,2025/06/07 10:48,38.935043454,-77.07702899
31be979a13af2d9c5866583ed2a5b60f,2025/06/07 10:48,38.95031631,-76.989125967
2ead00e508f978997a80dd0b87fb7025,2025/06/07 10:48,38.846409082,-77.005361557
618e780dbef6d0d9a8cc8dec5feb7830,2025/06/07 10:48,38.909332395,-76.997490644
1b0c0b3424fe494db91ff177f4922fbc,2025/06/07 10:48,39.065921307,-77.113239765
0930dcbaf67ff63f1444c99bf1215a77,2025/06/07 10:48,38.830886245,-76.983286738
ac84f3ef40e72f4c27f65125147a4b45,2025/06/07 10:48,39.081801176,-76.92985642
b4583c06abd6778a89ba2ff04cfd79da,2025/06/07 10:48,38.941158056,-76.940788507
d3ba9d4d4b50d85da1294825ea5d436e,2025/06/07 10:48,38.819653511,-77.077677011
49f11c19ea4e6d7f15d129fe4849eeaa,2025/06/07 10:48,38.876311421,-76.940988541
403f3abfd900bd318d48a011cc8e16eb,2025/06/07 10:48,38.94000113,-76.995190978
0e76271b2b2d005e00df0cfdde11313d,2025/06/07 10:48,39.057014465,-77.105558038
853c8c3ef3911fbb1a39fab83bfa5ce7,2025/06/07 10:48,38.944650054,-76.956780195
0b30011224fd5b07d49c1cfc2a386872,2025/06/07 10:48,38.897220492,-77.032598138
9f10fe03fc3cace395565e0217826646,2025/06/07 10:48,38.813469052,-77.043975592
cecdcaf8615de43354cdab48a7a339fa,2025/06/07 10:48,38.887048721,-76.89907527
85226a1cc5a1d0712b62df7deb8ddb0b,2025/06/07 10:48,38.97850585,-76.974919915
60bd5b1b65554759bee2a4ffa62f73f5,2025/06/07 10:48,38.816656232,-77.104960322
79b3b0051d561b04ddcbeaf707808fb2,2025/06/07 10:48,38.927273154,-76.97238481
c66c6e3aea5c45543379c7c294cc78d6,2025/06/07 10:48,38.84114027,-77.067846775
86e3dffc123973dc4a850e5c96185f1a,2025/06/07 10:48,39.113121152,-77.207534075
f3d4f4ca932a011651720fad9f22c7c0,2025/06/07 10:48,38.901215315,-76.946367145
5b39ca8b0df5e791f5ca1caffe21a362,2025/06/07 10:48,39.001693845,-77.054558992
2144842e446b6a587b52f03d2d011028,2025/06/07 10:48,38.885255575,-76.909678221
1760368cd5d1df1f9b8f9ffbb93b1d1b,2025/06/07 10:48,38.992140293,-77.114402294
87b22793f7a68ea98fe3214fbab69179,2025/06/07 10:48,38.873666406,-77.135259509
cc6e0b49e6c8b67878e65d57862859fb,2025/06/07 10:48,38.955118179,-77.034383893
6f42a943ee94a861962bdbee6dc9c196,2025/06/07 10:48,38.832489729,-76.994872212
c3de2948ca77e1fd2b20fd8c640617bc,2025/06/07 10:48,38.960469365,-76.999233842
93bed117ea78a46ed3b83cd423d18926,2025/06/07 10:48,39.022717595,-77.113728166
fdffb040ab44099ec727fe872965a9ef,2025/06/07 10:48,38.928655863,-77.03305161
9c8f90d7ff1cff52ef8cede89dbb4f41,2025/06/07 10:48,38.935952067,-77.023670673
91f915eb222dc2ea3fc3c5185c026131,2025/06/07 10:48,38.895336986,-77.054694057
e0662d4149da103c5830745da649e462,2025/06/07 10:48,38.928978205,-76.957828879
fd0e5b90999a9c2d034e76d732f19172,2025/06/07 10:48,38.929412484,-76.965326071
1517189e9c5cd2443e274ff927266518,2025/06/07 10:48,38.881023645,-77.108163118
3e40e4174589a44388e76897a9658d18,2025/06/07 10:48,38.852724314,-77.090353012
df6b959bd65e957f02cf02cff5556512,2025/06/07 10:48,38.951125264,-77.012116432
66824e9b5727879a7959db12338be258,2025/06/07 10:48,38.842577338,-77.269867778
bb1d25d7f0c1574b89d43ff0334cbb3c,2025/06/07 10:48,38.947755814,-76.954205871
b0294c97674f1ffbd4e8e8ef47ff5719,2025/06/07 10:48,38.838054061,-77.121762991
0c930f453df1175635de2366191224dc,2025/06/07 10:48,38.972732306,-77.055913925
c9a8cb68244280a828b8f24d76fcb2de,2025/06/07 10:48,38.932199359,-76.979341745
7913d6fecc99b7df016bf86745fe5f8f,2025/06/07 10:48,38.958390355,-77.022792101
37300c05498093af86d7700e75aea95c,2025/06/07 10:48,39.076617599,-76.957923532
25b877366136a90d554896538cf87f67,2025/06/07 10:48,38.947192192,-76.989809275
17530063a2a5d4650d543c31b5f1e050,2025/06/07 10:48,38.828608871,-77.011947989
efd1ba27baa358f362d26da648c198d1,2025/06/07 10:48,38.76961422,-77.129433632
91cdf6dcea5f344b30dd211fa5dff00c,2025/06/07 10:48,38.869807839,-77.146456003
54107732694d0787167a54bdf1815b47,2025/06/07 10:48,39.00606668,-76.90579474
cb3725ac00675086fac222329a47ca97,2025/06/07 10:48,38.814996004,-77.082919836
54f59df90729a74f1f8382c9464beb6e,2025/06/07 10:48,38.953475952,-77.030638933
19820c8524e8a146fdf81161067630a9,2025/06/07 10:48,39.042319894,-76.99737823
b9cb4b3078ffec04b833eddc3534a1ed,2025/06/07 10:48,39.025599599,-77.019652367
303ffb66c4b4a7276c9c02f2e1bece67,2025/06/07 10:48,38.86539495,-76.94844985
4313463eea8a7f3f65a7a6458a1ab3b1,2025/06/07 10:48,38.825294495,-77.009618402
f27e8b6c36df9139d1ccd6e3e728326f,2025/06/07 10:48,38.905306339,-77.050275445
47405bec4014503e1253af6abc3472ef,2025/06/07 10:48,38.895333767,-76.912679791
5a38a664dc6d82d97e416a938da92170,2025/06/07 10:48,38.816426516,-77.108837366
6362cc39974b826111880f2609fabfd2,2025/06/07 10:48,38.901373386,-77.053946018
e191c7099d262dff65bbf3c199cc7a8e,2025/06/07 10:48,38.875773907,-76.868918538
8e5a22ad6f5b1ffc53f286272a6eee10,2025/06/07 10:48,38.876734257,-76.941855788
88181dcf03e9f07b40844903669cc65a,2025/06/07 10:48,38.846920967,-77.113110662
5a6db61f57a04ac73d0ca21ee91863d9,2025/06/07 10:48,38.901136994,-77.031779766
04e7b5f767971bb73d4c9377491ee1c1,2025/06/07 10:48,38.900706053,-76.9387995
a959739a76a956d6f88f36c9eeaea6a4,2025/06/07 10:48,38.954850078,-77.024938107
e13f1d8cff66f9818088b88caebfcdba,2025/06/07 10:48,38.919302583,-77.081022263
87415edc5046b026db5b89f097ed135e,2025/06/07 10:48,38.910475731,-76.997131109
722f736357da30375aae0aaed4c26200,2025/06/07 10:48,38.959898591,-77.062321186
bb9a3b545b57c9a5e2e5625f3d12b4ca,2025/06/07 10:48,38.870177627,-77.100359559
ac6403d7b709404bcb15a270c4698459,2025/06/07 10:48,38.929986477,-77.00553453
0cd67ce2e79416215f0656dff02131cf,2025/06/07 10:48,38.904805303,-77.048317075
40ff6140479fc20bb44789b25f7a82ec,2025/06/07 10:48,38.84490025,-77.076930761
d0c9a4af29da06925a9cc92c127864fa,2025/06/07 10:48,38.94557023,-76.952465534
b045e3e643aee76db63a3cad01a41588,2025/06/07 10:48,39.004212618,-77.016630173
6e7796eaac0436fd7cc889ce1854a659,2025/06/07 10:48,38.932089567,-77.046201587
31e93c69dd768bf4f3be687e06598248,2025/06/07 10:48,38.997380733,-77.038821697
96c7a40c55fe9641416867ad89b7c006,2025/06/07 10:48,39.004662514,-76.906175256
7d8066d6901ade5d1ba0ba465c24841b,2025/06/07 10:48,38.874684215,-77.007563233
d53bee6772339f29728560ac5018046e,2025/06/07 10:48,38.849087715,-76.975064874
d4e6d9a4b7af7a50551060e71aec21a7,2025/06/07 10:48,38.842553139,-77.070527196
eea4337669b0faf1ec3b943a1c54f28c,2025/06/07 10:48,38.831173062,-77.105507016
bf1c8929f3c591b7ec7ee1868f455be2,2025/06/07 10:48,38.941820502,-77.023592114
8e40e3a6a50a34c113e8d9276c02e404,2025/06/07 10:48,38.862332582,-77.089093447
6c5fbcd5e0e9ceba9ab0c1ca15374600,2025/06/07 10:48,38.97218895,-77.03334415
538a5e75c7365a8780ff6a3638da74ea,2025/06/07 10:48,38.808504224,-77.060152531
8257ddd97677845ed74ff8b0bc280c9e,2025/06/07 10:48,38.884038091,-76.960649371
7f79b7b217ae127d4abac7dda44fac7d,2025/06/07 10:48,38.942933798,-76.969316721
cdcc7dc53739f0b8c9e24dda591fa02d,2025/06/07 10:48,38.975342274,-76.979913592
cea23b6a8fd5dccbba4fd4411cf58099,2025/06/07 10:48,39.033664703,-77.04720962
3b03c430364b89f697f0e7c724b95cc5,2025/06/07 10:48,38.86447525,-76.998611689
ed8e2c8267d795501c709a7e21834dba,2025/06/07 10:48,38.978482723,-76.974940062
b573f61fd864c0d77e8937ac6607c6b9,2025/06/07 10:48,38.960817695,-76.933281302
e46809bea4e8cfe37abe64a7f6907d5b,2025/06/07 10:48,38.987035871,-77.092223287
8f2a4c306fac4660585acd2d10862d32,2025/06/07 10:48,39.009008884,-77.008371949
c19270ad5a690393a792fe0f66dac310,2025/06/07 10:48,38.949316025,-76.943081379
236709c5f48f7c33272da8f2f4a00bef,2025/06/07 10:48,38.878619909,-76.925252557
41a64289d71be12c9c0a96dfecba1e2b,2025/06/07 10:48,38.972871661,-77.090921283
69fa319b89483cc85c34701b4be09d8d,2025/06/07 10:48,38.841109276,-76.975986958
0a42015f2cd22244e441505d149ed2b0,2025/06/07 10:48,39.009248972,-77.04488647
15b5ea7a95181af2db9c2f379a8858b5,2025/06/07 10:48,38.884670615,-77.194970489
b1d24c4e7054ee822115ec3a01c14adc,2025/06/07 10:48,38.989966393,-76.982619047
3e3709e914d10216051c1255c33c0623,2025/06/07 10:48,38.872277379,-76.957520127
e22c27e558c5c63e519a362f0a3b44fe,2025/06/07 10:48,38.958984375,-76.945201755
c5079041e3fb6e0f0141bee695b14b78,2025/06/07 10:48,38.864506721,-76.956254005
48763f4a609b634ce4207cee594ece18,2025/06/07 10:48,38.851954222,-76.964597821
ae984ed005be7faa6de0346e0e198888,2025/06/07 10:48,38.966715336,-77.007320762
1432460868dfc1f857a917e1c6cb9f90,2025/06/07 10:48,38.795592785,-77.049496055
afd57235019ff1997841f2c62817669c,2025/06/07 10:48,38.902530074,-76.970341802
9e6574975dab0928ba53a51e58bb845a,2025/06/07 10:48,39.020862699,-77.013772845
24335a9eb813f49bbe6029b9dea9c4dd,2025/06/07 10:48,38.961834908,-77.031137824
a0d5f8725858a84872d2a51b7d95f7a8,2025/06/07 10:48,38.929488778,-76.994462132
3e3128915344afd6a7b10468a5c83f9f,2025/06/07 10:48,38.959728956,-76.981555223
0bb458a0aefe78303e75e3180198dd64,2025/06/07 10:48,38.963761926,-76.98451376
e92f2f4f3bdd3cb8d7a1a617a393fffa,2025/06/07 10:48,38.946212888,-77.034542203
f72fb41714c0d29d96586ab37d7ba7ca,2025/06/07 10:48,38.837447524,-76.999893308
74c571004898fd0de9c3c09cdde43bec,2025/06/07 10:48,38.902564645,-76.93558538
7e36485b2cb5064261b3e1ccb9992399,2025/06/07 10:48,38.828666568,-77.088132143
5a001517c079730fa26c2c483fd7da41,2025/06/07 10:48,38.871420503,-76.949969292
82d47aca42a0caf5e6ac06ab026ceee8,2025/06/07 10:48,39.033038378,-77.048583746
a8767f18d0e3f16d7f8c637a97d032f3,2025/06/07 10:48,38.874746919,-76.967901707
2dbedc4941022f24dcb6e77293baf0df,2025/06/07 10:48,38.957701683,-76.971107364
81d611dccd63ed0bce7a72e3fdd7c786,2025/06/07 10:48,38.844568253,-77.068406463
757d0d7633159d72cb115a911733177f,2025/06/07 10:48,38.801966667,-77.040306091
a89bc45b24ed3401182698d7c0e1cab2,2025/06/07 10:48,38.804279447,-77.097408056
3687612c149b0d2805101adbb662e69a,2025/06/07 10:48,38.979924083,-76.966318846
ea46b2c8dfc0cfd9274f307c189f8333,2025/06/07 10:48,38.942897201,-77.027969003
90ab024ede5eebb26c25fccfefeedd6f,2025/06/07 10:48,38.94806993,-77.099986076
22baa7d987d15f085fcdaa9a899462a7,2025/06/07 10:48,39.033684611,-77.047232866
9453d2ee8764a1b09867d0e5ae15410f,2025/06/07 10:48,38.922968388,-76.952196479
af32f7d27bc9e477ba8fbcdbe1d70700,2025/06/07 10:48,38.831503034,-77.008104682
3848258ffefaa20f0a17f4947a3dc991,2025/06/07 10:48,38.904607058,-77.021786332
a9ef5ba8fa2b1d5e3c97832f5a93e4aa,2025/06/07 10:48,38.929633141,-77.023449183
ee5f1ca87b59f0e86ccd939c662ba843,2025/06/07 10:48,38.871118188,-76.923434496
41f5aa7876ef8641820da35257a59a72,2025/06/07 10:48,38.861078739,-76.973675966
504b95ee0cc426a641ced727126bbe3a,2025/06/07 10:48,38.851976037,-76.988936901
f2c1a1b5dde9fd3fdac861ac26b1e01a,2025/06/07 10:48,38.832315087,-77.127267599
9cb08a79c65f5104933d8159a247782a,2025/06/07 10:48,38.885477424,-76.958621502
7b358fe2804e4e4b7111daa2b5af0c65,2025/06/07 10:48,38.928380966,-77.000380039
fbff3ddcb2c8b3a8a5bd68551e35dd47,2025/06/07 10:48,38.935692906,-77.345547915
52487c93dc49eed14c2baa984845876b,2025/06/07 10:48,38.843466163,-77.080159664
17760ee30f525959ce0940daab9e79bc,2025/06/07 10:48,38.926114798,-76.983044863
bbc390e851d5ffe0ffe8f9b8b3ebdd1c,2025/06/07 10:48,38.866444707,-76.976365685
d35d83903b92984a7f47f4034a91f969,2025/06/07 10:48,38.966243625,-76.96472621
95698ae10926bfcc502e721847243d68,2025/06/07 10:48,38.813705564,-77.081323266
b4dcf155aa42a1a391ec9c3c5d65a457,2025/06/07 10:48,38.94201076,-77.018166542
e45e6119e35de7d2a1a110cb11bb8d6e,2025/06/07 10:48,38.810554266,-77.085162163
ae29ded1b3e2208e34640a66181ad2bc,2025/06/07 10:48,38.94978416,-77.013640285
521c9eb8c28fe44d5c983067e5bab7da,2025/06/07 10:48,38.914231062,-77.028254747
e2aab5b89aed46446f5dae43ddf77ca6,2025/06/07 10:48,38.997169375,-76.984688163
fcbc69a3351b9f4e9c43daf6b62b9d6d,2025/06/07 10:48,38.89365232,-77.042954087
aaf7e94d437e3695d2f540091ab09bf4,2025/06/07 10:48,38.898958445,-76.934008837
8fb93d29155087f652afe553454fd05a,2025/06/07 10:48,38.867828131,-76.947832942
19baae42121b4f7aa979175c442bbe27,2025/06/07 10:48,38.766622066,-77.169054866
123f7ac48d0746c2c3f2063765769387,2025/06/07 10:48,38.94465065,-77.006539106
a8fc3320d531942b9dd9f352e0633762,2025/06/07 10:48,38.943846345,-76.951243401
fd83b762147dc216c07a738245a6d087,2025/06/07 10:48,38.845152974,-77.00576818
48c3ecbf9e32fbc4f87f555c2301527e,2025/06/07 10:48,38.983967185,-77.008300662
dc36b6782a2aa24e84f8ce8410cd7d4d,2025/06/07 10:48,38.932841182,-76.979883194
936ec6f404d5f4f04add60f271841a5e,2025/06/07 10:48,38.968040586,-76.971446991
858351dacdcae0732a5b56e088461f5a,2025/06/07 10:48,38.934679866,-76.947518468
ac5ae0524ae0b196ed19cc491882e031,2025/06/07 10:48,38.842357755,-77.070778966
0bf4df537f14cc560c4f2654d9a77c1e,2025/06/07 10:48,38.937813044,-76.97106421
3ff5f3db4b1f41435cab3d4a31870ed5,2025/06/07 10:48,38.854854941,-76.991543055
0d06bfc1805a2e08742210f29231c57a,2025/06/07 10:48,38.972739697,-77.055583358
b520b79de54bb14dd33e8a0606dae9c9,2025/06/07 10:48,39.025378466,-77.044571161
15bd6279df0aaceadd786e3e271f3665,2025/06/07 10:48,38.878557563,-76.925233245
97282d2132e4413237ab7bd2159a0ac8,2025/06/07 10:48,38.956649065,-77.022503972
8884e71337105a4e5d6d7520344b5dac,2025/06/07 10:48,38.907711267,-77.081821561
04eb06d5b1f515c5dfd13114ca099881,2025/06/07 10:48,38.953957915,-76.925178051
9455c984b2c29e8e40f5833a7546a8ac,2025/06/07 10:48,38.889083385,-77.083793998
c9f4e12ce11c4c32f82934f1ff777930,2025/06/07 10:48,38.982072473,-77.009928226
fca288d3bf96594c690f815b6e21024e,2025/06/07 10:48,38.840998888,-77.07332015
670fc53cd12efc132c892b1bc6bf48a5,2025/06/07 10:48,38.917013168,-77.022877097
11cd098db8a0d64da39b06be15627810,2025/06/07 10:48,38.959787965,-77.109360099
7e0d23f58c0d87c964e423b776042660,2025/06/07 10:48,38.908719659,-77.034670949
001f2af36e6809187de0b64c5358c2e2,2025/06/07 10:48,38.905273676,-76.982810497
dfb444513ddbebf617a706c2edbcb933,2025/06/07 10:48,38.95494175,-77.008777499
73817296354d835a27a37ec3419e6a2e,2025/06/07 10:48,38.838965416,-77.051707149
33b1a7ca124ee8d77881325c7e547063,2025/06/07 10:48,38.865897655,-77.129511476
a18c68de35fb2818202a344c54b302b5,2025/06/07 10:48,38.952618361,-76.938231587
2d0f2f00ebdc266fb08206fae767720c,2025/06/07 10:48,38.827957034,-77.111131907
f9b1c4efc9daea0bb1581206404f48f6,2025/06/07 10:48,38.83650136,-77.113944292
35d932a57e94da32e032deafa77cd955,2025/06/07 10:48,38.847643614,-77.116267562
cd5f78728f44d65938feb3adf712c2f4,2025/06/07 10:48,38.852086306,-76.981220126
26c14ad48eac22569287f22b4f487086,2025/06/07 10:48,38.890545607,-77.121001124
9c22d743857875f9278554755be664cf,2025/06/07 10:48,38.992102146,-77.024349928
386da2d537159974d65c27e861f07f4d,2025/06/07 10:48,38.896029949,-77.137415171
61402f988f273ba8583ee0c29ee60a3f,2025/06/07 10:48,38.86222446,-77.077145696
89ef7fe8821cc29f95113e89e867dfae,2025/06/07 10:48,38.928653479,-77.032323003
824a96709d8ebcdc68b53e4bbaba9fd0,2025/06/07 10:48,38.915591002,-77.031807542
14e22464196e48b38d5d96cb01ae59d0,2025/06/07 10:48,38.959569097,-76.980565429
dc49780c23ee2ca9621b0f02c4d4a018,2025/06/07 10:48,38.901457787,-76.939483523
72208bf78a436a8c59add5a3ce73aff0,2025/06/07 10:48,38.878739595,-77.023136139
dd41331aa0907496cf9fcc13b81e223c,2025/06/07 10:48,38.886664987,-77.10259819
d7588b1367edf842fafc6353bfb843ac,2025/06/07 10:48,38.879119039,-76.916365385
b8c85b1b27c7f21b951e70812720c594,2025/06/07 10:48,38.952082157,-77.002540946
3c2c80c0b5402d94f9a0c6a8cabdaa15,2025/06/07 10:48,38.9528234,-77.021715641
3b17dbceb48fb9a5334292730155de76,2025/06/07 10:48,38.8711133,-76.923463821
61cb9716bd645ca9bd4f95e992fd655f,2025/06/07 10:48,38.849507809,-76.973462582
62bef35c89b4fd746503ba4ad07ea6ed,2025/06/07 10:48,38.894528985,-76.942069411
b0d8f6bc40c2dda4e1cc488a0ce1e19e,2025/06/07 10:48,38.972637415,-76.996613383
f3eb849a13a32f4705523d006a73eb18,2025/06/07 10:48,38.869606733,-76.931681156
03e3c2e03bc78a6adee0b4d12f05cafa,2025/06/07 10:48,38.915751934,-77.031465888
4e9549c1b5b5faa41bd3d746fdaa8862,2025/06/07 10:48,38.871783853,-77.152704477
251abccbd2b6e386e04f3fde78b20076,2025/06/07 10:48,38.956693649,-76.945613146
1f185bed87ba0deabf4a9714ecdf2c3b,2025/06/07 10:48,38.977715731,-76.984425426
578064d31f35ae356d95cb1583e293ec,2025/06/07 10:48,38.866234541,-77.085723519
69baccd11f72875e64cdd850235248a5,2025/06/07 10:48,39.006608248,-77.041180491
546febcdaee5b790619bccc1a1a1e139,2025/06/07 10:48,38.968426943,-76.994186044
0c9443a25518ef3eee7d9a2fb98436d2,2025/06/07 10:48,38.888442516,-76.919124126
e964f8fcb06a0616314d5a2ef85b6797,2025/06/07 10:48,38.865657091,-76.974385858
dd8d5db74bccea83bb313df1a15370e1,2025/06/07 10:48,38.908085942,-77.084129572
c914b3f9b69d253a78c8f2d1cd1644d7,2025/06/07 10:48,38.970517039,-77.006657839
268d97baafeb6772c4f2e9d200b28367,2025/06/07 10:48,38.874516487,-77.148395061
8d47f02c9e7f616871eee31211c52747,2025/06/07 10:48,39.017391801,-77.112650156
d2b8437f99030b9cf265ec42623dd5c5,2025/06/07 10:48,39.00162518,-76.990023613
f004211ea4f94d2a4ae99c16fed15522,2025/06/07 10:48,39.008105278,-77.094700575
660691d389288dfb873f8199add165ea,2025/06/07 10:48,38.852100611,-76.981204271
c029ab392a7c15a564b546d4ca1f4e4e,2025/06/07 10:48,38.829322338,-77.001967549
eae867199d3325e44462491b2b989683,2025/06/07 10:48,38.95004952,-77.065145731
5ec181e5873be4bd1d2f4aa21ef581aa,2025/06/07 10:48,38.908530712,-77.045686603
a4a927c77f3a2d3487b0b908d0474082,2025/06/07 10:48,38.930716753,-76.957567453
6d6cedc5e015554c808d7e09616eb923,2025/06/07 10:48,38.89822042,-77.013750911
110281d912e0c5eb70d41495296ebb8e,2025/06/07 10:48,38.908501506,-77.063610435
c8a49479b3bc882172a6e2d52cf203e6,2025/06/07 10:48,38.897541404,-77.046631575
e5143013f320a1352842eb9538d21bc5,2025/06/07 10:48,38.941816092,-77.035347342
b78a55e14bad1226ac890b5a989f104d,2025/06/07 10:48,38.969526649,-77.004783392
83c67329f9ef1e71330a6072ef8b1529,2025/06/07 10:48,38.89906764,-76.981113076
71207b3619f97ae96a1d92917af65814,2025/06/07 10:48,38.86071384,-77.074350357
0ef96c5405e08de8fd01a5707debe9e8,2025/06/07 10:48,38.97313273,-76.976507783
ff60a2af48057b8a91eca263c779ce4f,2025/06/07 10:48,38.908143878,-77.08417654
8e6e5522da8e837f9be25a682cced2fa,2025/06/07 10:48,38.886585474,-77.210803151
064cec2870ec5d3c052cae6d4bd037c2,2025/06/07 10:48,38.859551907,-77.056400657
c1b1d1b0d048a6c8b2788ff238525462,2025/06/07 10:48,38.907866836,-77.041831613
e5e113dc28ad81cb55ea35350696aff6,2025/06/07 10:48,38.846343637,-77.069236875
11e6e49af8770a3f632def4391f0151c,2025/06/07 10:48,38.971409321,-76.97855711
e9873d3f44a61ff243e69a36b50bbf62,2025/06/07 10:48,38.800688505,-77.071026921
2d14140da87205fed59fcfacc3328a0c,2025/06/07 10:48,38.905626655,-77.057041407
269d02fba6faf9c41dd74073452593a8,2025/06/07 10:48,38.804962039,-77.101633787
f9d7982a7c294e552c3d1c14a0a97a0d,2025/06/07 10:48,38.945564151,-76.990372062
0d380705fbf9d7a9050ddecdb605797c,2025/06/07 10:48,38.841458201,-76.997704625
e648b5340ce9cd4786101d661cba5d08,2025/06/07 10:48,38.840219855,-77.098782182
fecca2a6229b9610f4830c1cf5cf3110,2025/06/07 10:48,38.812229156,-77.039897561
4ce2c35fd9c0ae48f504acf83dee2c12,2025/06/07 10:48,38.951098919,-77.376574278
a51bd1ca1a6d030959faf6cda2a72a50,2025/06/07 10:48,38.889224172,-76.953676462
f139485f3e3747772bcd40670f577bee,2025/06/07 10:48,38.957056284,-77.024153352
016d9f9e7049cbf4b11ec5d2a6d7eb81,2025/06/07 10:48,38.853480935,-76.986299157
78b84ad6166e49469d7f6d202ec65cbf,2025/06/07 10:48,38.877992749,-76.970637083
fb4f3894af7eb1477375e318f7b102f2,2025/06/07 10:48,38.961652637,-77.329916239
9852e0f950b1139a9d12661d6660dabc,2025/06/07 10:48,38.899770498,-77.022632718
f523ec47768f872735e1335ea763758d,2025/06/07 10:48,38.850494862,-76.994711995
51377a7cfe45cca9787729cff82f1627,2025/06/07 10:48,38.853971481,-77.11861527
c6c76c8b0725114170cef1f008e7998f,2025/06/07 10:48,39.001127601,-76.986598372
040fffa0bc7c43b1dbfcf0411caa22a4,2025/06/07 10:48,38.955494404,-76.968953729
ec795906ed49fab91e7ac327925c8684,2025/06/07 10:48,38.842254281,-77.061809182
0d2eaa7f6982d36f3af53ea0d25705f0,2025/06/07 10:48,38.779298425,-77.154476285
96c521f7a0688ee067f2b10c85ce383b,2025/06/07 10:48,38.865364909,-77.010452867
12b56b28a11d00c623aced7e67f4eea4,2025/06/07 10:48,38.930250406,-77.012355566
cb50799c5287d70420da67d811adb332,2025/06/07 10:48,38.959864616,-76.949842215
2b692a5354f2015ea8ec26ad71af6186,2025/06/07 10:48,38.834308147,-77.007184505
542f4014c55a34b6f236515a939a79f2,2025/06/07 10:48,38.974945545,-76.973707438
54d78aea42e95a5350e9e5cb6e5d0d58,2025/06/07 10:48,38.975041509,-76.999146938
6f621be03cb186dce6469e8b4b7d3f51,2025/06/07 10:48,38.99434042,-77.047307253
98dc57b4a4acb98ceb33764bb6cf3fac,2025/06/07 10:48,38.84375596,-77.085546732
c3f9f98307838b60585113c8706b03c9,2025/06/07 10:48,38.843062997,-77.070302129
193e0cf9fa1e6e1971b4d8f216b7aeb9,2025/06/07 10:48,38.926794887,-76.955405235
7f97cf20b532db5bc81543773748674d,2025/06/07 10:48,38.923486352,-76.951570749
ca65a322549140b2e732f13dac6e5f30,2025/06/07 10:48,38.935028315,-76.951055646
df1d4b1fae5a4cc42ce64182a85caf84,2025/06/07 10:48,38.826182842,-76.999353886
15ab91b85ede0a2cde516b4f9faa7ab4,2025/06/07 10:48,38.952563405,-76.978264809
b3230a59bd6a2fcd04c034b6428ceb46,2025/06/07 10:48,38.842612147,-76.984835982
7b4ea0c6c15e199434878a0bc44ae302,2025/06/07 10:48,38.944839597,-77.079617143
6127b0033c3d8312ba56b704f7c58c21,2025/06/07 10:48,38.837747574,-77.092657804
4140603ed05b8bec80787d1adc780cc9,2025/06/07 10:48,38.844315052,-77.067441821
cead632294da9b38891f7a797ae92ac3,2025/06/07 10:48,38.943945527,-76.956989884
6c5e32bfaf19bb6c51eb67c34cb5923c,2025/06/07 10:48,38.861036539,-77.057025909
f99e8fb5f1c8631f99f14461e6434499,2025/06/07 10:48,38.932797909,-76.965449572
c44b23e9372945d45ae3472bd5d423fd,2025/06/07 10:48,38.860156417,-77.001316786
b7bc20d2e6d98320190de0ad991c81aa,2025/06/07 10:48,38.908111215,-77.119248748
7691c290dc2d77ff630338d11ef90a2f,2025/06/07 10:48,38.841742754,-77.06425786
e7bba6ed8997b531ca73808eab4008bd,2025/06/07 10:48,38.94248879,-76.998961806
e7eee3eb34fb4cf7770fdd81b295467a,2025/06/07 10:48,38.930168152,-77.043832302
11a94f2d7c1dc99e6bac0a3183eca152,2025/06/07 10:48,38.941989183,-77.01818347
e51f31fbe3d8c2eea3f996a1ca2439d7,2025/06/07 10:48,38.970294714,-77.016343713
7d2f6f59ddc3030a0a05e1a26d2c5ce0,2025/06/07 10:48,38.948830605,-76.940290689
d700526caa55594ecec3babd8c79d6e3,2025/06/07 10:48,38.861410737,-76.981702566
17b08cfdca8563a8600357e4605039de,2025/06/07 10:48,39.008796215,-77.041654229
6ce2a7aa00ae290ffab6ef863869e1d5,2025/06/07 10:48,39.006718516,-77.040891171
2290e391a5ecbc46b828a816f842076e,2025/06/07 10:48,38.900389671,-76.988295317
252a499a479437a8ffb41072827e63ba,2025/06/07 10:48,38.82519269,-76.986109376
f5a81643c89b3bd90c809716deaf3032,2025/06/07 10:48,38.8861444,-77.028306603
c176adec1eb917c147f4586037da4daf,2025/06/07 10:48,38.896877289,-77.115484715
a9062781d8d53b5171e6403d4efb794c,2025/06/07 10:48,38.983276844,-76.972033858
f256cbb2fb8423a102ec687c763cc044,2025/06/07 10:48,38.903536439,-76.986155868
85c27f80c694ccea1d5b791eb8ce8ea2,2025/06/07 10:48,38.939151049,-76.937426925
34dcd0119aa20dac2a7dda3296ec6f9a,2025/06/07 10:48,38.847136974,-77.122775674
5f7d60ae63010cb160f2c98f379b8979,2025/06/07 10:48,38.932214141,-76.979340196
c6db52da098682a481cb0082f8424c60,2025/06/07 10:48,38.949396968,-76.943186879
aa55cb9acb1434a8482e4d2b86aafec6,2025/06/07 10:48,38.884833455,-77.097792983
3d136143fe0c453805612431f12710e1,2025/06/07 10:48,38.869445682,-76.975644469
55392d3c50078d8aa45013647257c4e1,2025/06/07 10:48,38.961762667,-77.032312155
da4aef0524fcd7db654ac99f96b008c7,2025/06/07 10:48,38.800490856,-77.128809094
6972cd68498d1ce8c27860782ae5bc01,2025/06/07 10:48,38.989627481,-77.069998503
b86fe9c78f85f30d7100d3c47dd8eb02,2025/06/07 10:48,38.86537087,-76.948441029
fa6f1f5582c93f093237bdc708a4b5c7,2025/06/07 10:48,38.960848689,-76.927708268
0fca2ba5fc5c169fae1263c5c6982906,2025/06/07 10:48,39.006074548,-76.905784965
cf3171c2e1f2763de51300a734acdbc1,2025/06/07 10:48,38.892993689,-77.096616745
44555cdd7d673dd1b32e04df84b0f1dd,2025/06/07 10:48,38.929828405,-77.034753203
31a74bdd5f4bf03c7725f27862522649,2025/06/07 10:48,38.904311895,-77.051532984
dc684bd2a5efb134941525daba11b45f,2025/06/07 10:48,38.992067933,-77.097072363
dac58ffe307b626bef862624e247adf7,2025/06/07 10:48,38.952063918,-77.00245285
78fcf17b95d1509e16bc9dc6b4268fc9,2025/06/07 10:48,38.951613069,-76.941567659
cdbaca6f970f8c4df305828956be1d61,2025/06/07 10:48,38.840735555,-76.990534544
94e8224bb5c377580192937c3a3cceff,2025/06/07 10:48,38.953735352,-76.953642011
8e83fa2118723bf9e7f9130d6a9f558a,2025/06/07 10:48,38.909934878,-76.999468088
ec7e1997b0ae98a910f422c28461190d,2025/06/07 10:48,38.888749242,-76.900163174
150e0547c7fd58fd7bbc107bd36407c7,2025/06/07 10:48,38.866971135,-77.197333694
9e6729a9dfaefe87be8a9761e72350e7,2025/06/07 10:48,38.914541006,-77.071549892
d0ba190924c714b86d28ee7c6c98001a,2025/06/07 10:48,38.8197577,-77.066167712
1a775431c5f84907f83dbf63d317e99e,2025/06/07 10:48,38.901422262,-76.939593673
807c77ee6045cfb274c2378d06e9b121,2025/06/07 10:48,38.851319671,-76.958973169
1c92fa0125c1c83499740ced177bf945,2025/06/07 10:48,38.894988656,-76.924522161
87268a57b586a52decc20fd1cf76d098,2025/06/07 10:48,38.90861547,-77.054850698
35d6ad218dd76ac7fcffbb8a554f3489,2025/06/07 10:48,38.862964869,-76.95885849
6edcd55a1308687d03817f479ab189e6,2025/06/07 10:48,38.926794171,-76.95535326
f4782a7bcb6180fc6b59268723e6c3f2,2025/06/07 10:48,38.825779676,-77.088124514
ebb50e5d8b4920537cb2726c6d43f99e,2025/06/07 10:48,38.797522783,-77.06101191
befe7bbd64db7d5ab5a976643fe6c861,2025/06/07 10:48,38.988934159,-77.036952853
a5007b56f062406aafe96404d71803c6,2025/06/07 10:48,38.867678046,-77.08132875
40824c0ce62db9db8764d927f88bf82c,2025/06/07 10:48,38.917776704,-76.989223123
625dcab360171a866e40704495fafbc3,2025/06/07 10:48,38.95429492,-76.951452017
ba62927be5a526b5723fa09035f59fba,2025/06/07 10:48,38.940292954,-77.035160065
06153c9f078ab403dbaf37b92d21f6c6,2025/06/07 10:48,38.797510624,-77.060975194
eb87b293eabecec181b583dd5298d3c0,2025/06/07 10:48,38.829614162,-76.995589256
dc8c046ae8e643ace3a0de2cf55c0e98,2025/06/07 10:48,38.847563982,-77.083370209
728016ff6ac6e53990a6bce814b2f242,2025/06/07 10:48,38.976039529,-76.955837846
ce41e22acdff0cbb54f2564a6d7d91df,2025/06/07 10:48,38.848311663,-76.975529671
9140d72c1c718184da395747e27e938f,2025/06/07 10:48,38.804791331,-77.045881748
d4ad5e2da88ada548a3d43a0d472e21b,2025/06/07 10:48,39.041910768,-77.056373715
008bc6e988d3cee57b14dd2cd65b1a02,2025/06/07 10:48,38.952725887,-77.069428563
a08269cb29917c92ad9edc2fe3e05b24,2025/06/07 10:48,38.905429363,-77.050512314
63c99d376b583f164ae1dc5b943c2755,2025/06/07 10:48,38.810516596,-77.085153461
b08ad4694fa2aa0fc5ff455c92af616a,2025/06/07 10:48,38.83598268,-77.114296556
8108ff67046b9ae427fc0db558831212,2025/06/07 10:48,38.880225301,-77.031894207
99df0d6eed87657dc568f2c9ecb671d0,2025/06/07 10:48,38.970606089,-76.99330771
1a06c573495298241d145c714702e7fe,2025/06/07 10:48,38.96786797,-77.005396485
feb9fb48ab141944e9b98e93d08acbec,2025/06/07 10:48,38.874839067,-77.14194119
dc31563ca7fd60df49a3633340edcd8b,2025/06/07 10:48,38.849704862,-76.973420739
3fb36788d453694614243839e648733b,2025/06/07 10:48,38.903724074,-76.976889491
554437afeaf5e2e7e7cdfbf6f8ab5fe6,2025/06/07 10:48,39.038944125,-76.995434165
edfb60575f0a90fad04818c396f630c6,2025/06/07 10:48,38.976613879,-76.955026269
a2042897855021f996104f95fcf6ec34,2025/06/07 10:48,38.897353292,-76.920643926
483fcb701a4829c9688986884b4d903f,2025/06/07 10:48,38.869468689,-76.931679487
9d492993f2271af6af3acb51b6cb46c2,2025/06/07 10:48,38.976433158,-77.027814388
61b0e234e27d355a1a8e5e56f37c13f8,2025/06/07 10:48,38.929069638,-77.033159852
59ec6ef9983a678ab326a7c19e3be3c3,2025/06/07 10:48,38.950710416,-76.997378707
9e2c2a96ac3a0d87e0b3939d965fde5a,2025/06/07 10:48,38.945013523,-77.015511036
15ead0ba3640f959ccc09d93374d1a70,2025/06/07 10:48,38.907073259,-76.949975848
9a046be20a77ca908702bc4c5749d0d9,2025/06/07 10:48,38.880568385,-76.931772232
58332361fd812df270aa479d6783ccb4,2025/06/07 10:48,38.89226687,-77.041910768
1e2ad7d6e1b8dcc146281b9f1f833f3c,2025/06/07 10:48,38.962426424,-76.934427857
88fbc52e1aac9e787311e963b619e5f5,2025/06/07 10:48,38.887392998,-76.919146419
61fca313d5cf4f941bf69054f8062feb,2025/06/07 10:48,38.97947824,-76.944656372
b0473014f644398ece124f1a826548d9,2025/06/07 10:48,38.817820191,-77.109025478
43ec84a52e470253d303a0cd16254db8,2025/06/07 10:48,38.857272506,-76.989931464
7c2de48ce470cbedf9b265c1b3d0d756,2025/06/07 10:48,38.956840515,-77.024512053
a35a60ef996df5762cb6ca99bc01de86,2025/06/07 10:48,38.885233641,-76.909705639
e10f80e1a337958ae5c8a1daba34f55f,2025/06/07 10:48,38.920071244,-77.015728116
68995e0744872f8971d7c92401473e74,2025/06/07 10:48,38.845661759,-77.090958595
fb71fa1de8f29cc819efc38ba43d31c1,2025/06/07 10:48,38.831551433,-76.985888839
fc0ef6670c32d453405f9e31f867efc1,2025/06/07 10:48,38.83927393,-77.065288544
c016ed5af0341bd0df020fb89f05831e,2025/06/07 10:48,38.935283661,-76.977164745
50c4ce6c1e5a0ddd5d87143957cca0f0,2025/06/07 10:48,38.912555575,-77.116039753
915bdca694cf5370a49b0f893ff1d9ed,2025/06/07 10:48,38.869674921,-77.081321716
34e5bc2b240e6023007743f8559034d4,2025/06/07 10:48,38.905580521,-77.057108998
6335f19c78e00942bcb757f80342e9c6,2025/06/07 10:48,38.965757132,-76.991224766
89565f25538bded801e875819632aa7a,2025/06/07 10:48,38.979818583,-77.093464375
286ab492b0f6434ba88ab88d475568ef,2025/06/07 10:48,39.075177431,-76.940452695
1428f3384c13f6174aa68d54b083f649,2025/06/07 10:48,38.817794561,-77.108995676
486484716a9324bedee8aa9befe39964,2025/06/07 10:48,38.884064078,-76.91704154
886032fc77778b1428439494f4767905,2025/06/07 10:48,38.875796914,-77.105996847
1237e0a19d3a51085ea090b20a30463e,2025/06/07 10:48,38.845016003,-77.004061341
46cf799137f97951b4efdce9ae5c7448,2025/06/07 10:48,38.847641349,-76.971062899
17bdcde237eee8506364d2dc0578b06f,2025/06/07 10:48,38.843232274,-76.982576013
c7a6e8ef95cc807ab8697dd19fcba2a9,2025/06/07 10:48,38.887326002,-77.087315083
46a2b8c9a9e4d7fbeb0bd3858725b753,2025/06/07 10:48,38.898913503,-77.024086475
0de251d7688432a0812af802dd352f21,2025/06/07 10:48,38.856954455,-76.990503192
02880e3fde0328bcb4b81d30ea5ff3a8,2025/06/07 10:48,38.883275509,-76.918197036
393a6a0cac52a8447601a0c1f32a9753,2025/06/07 10:48,38.869280696,-76.937261581
f0edfe04c591152fceb1857dc6896f63,2025/06/07 10:48,38.952848911,-76.938177586
4ce326093a0ccfff3e220653b707ecd2,2025/06/07 10:48,38.929537535,-77.011497498
2e9a32c19bce51d66fe7215f9a2310a4,2025/06/07 10:48,39.015541077,-77.101740837
977855ffc5063c91cdeb62d53a85836d,2025/06/07 10:48,39.004774928,-77.006174326
8ef60a14ceca02b0e5c89f80459ab725,2025/06/07 10:48,38.974580169,-76.960549951
dd7d97efa2f09b1377cbb8b9dbe0e8d7,2025/06/07 10:48,38.902108073,-76.982518196
f96bbc8973044ba7ddfc8fc56bd13b1c,2025/06/07 10:48,38.931161761,-77.105922222
27756482b732372ccff68c74d0dae835,2025/06/07 10:48,38.963642478,-77.035326719
29abc494b0938ad725dc50c52e031d94,2025/06/07 10:48,38.908993244,-76.98685348
c86d863d0bbac60638a305565fc18459,2025/06/07 10:48,38.926007271,-77.021720171
0ae3ee141e92a7623dfa4b93c8746e21,2025/06/07 10:48,38.896490932,-76.959879994
66b84454e1ddaff8e05377f79e1fa55a,2025/06/07 10:48,38.83142221,-76.995306969
c4e038da51e3d9d70af6f1fcb6efc9d6,2025/06/07 10:48,38.819000244,-77.125825405
b90dcc57ebcdeca735973208c5578f17,2025/06/07 10:48,38.961249709,-77.026079297
133d7039a9d2de46850cf74a68df535f,2025/06/07 10:48,38.89827919,-76.917567372
6c35c742ada81c1de379e84aaca456b9,2025/06/07 10:48,38.883882523,-76.985643148
2414eac415b8dabf4ed9967fe5c540db,2025/06/07 10:48,38.890016079,-76.951314449
0b6c791a335cde9c6e4c6f54270134ca,2025/06/07 10:48,38.971905828,-76.969609261
c0d28e399d46327fd7c46205c5c9a911,2025/06/07 10:48,38.854780316,-76.971190095
51d0751265ff4787819d466be0792176,2025/06/07 10:48,38.947002649,-76.961351871
ef5e2bf833ebda5ce7f8b414837aa263,2025/06/07 10:48,38.876340628,-76.941023827
964ed998af9493d50c7db9f384079949,2025/06/07 10:48,38.830629468,-77.050721288
eac584df93e8ce90d728dcdabda54097,2025/06/07 10:48,38.993052244,-77.022602201
dfec1cdcbd11ce8aab7991c61945ec06,2025/06/07 10:48,39.050733209,-76.988076091
ed447a643e61b8f92dd1412754675159,2025/06/07 10:48,38.867484093,-77.081121087
e003997bbb08fe852fc0abd0e119f366,2025/06/07 10:48,39.002363443,-77.02235949
928ec6d3d7931d48c7dbba2b224aba26,2025/06/07 10:48,38.943023562,-77.100317359
b2a8e1f687c25be64917360db19b15a5,2025/06/07 10:48,38.831714869,-77.066962957
297dcefc2a900443e010521f3396a3b7,2025/06/07 10:48,38.952934623,-77.023780465
b3a020a14a069f7b22722beda178a767,2025/06/07 10:48,38.968861461,-76.954277158
d8c93c7b544074f3bf2bd8d66d940ce2,2025/06/07 10:48,38.93385303,-76.995160699
d7ba1a499de8b91381297cd84b431b09,2025/06/07 10:48,38.876649737,-76.914107084
926b0936b411d045041ce152035d1803,2025/06/07 10:48,38.843836904,-76.973723173
3373ad05a2339ee1e4d52c87a8e61982,2025/06/07 10:48,38.92627883,-76.977239132
00ae68b66bb453ac48cdaab5606811fe,2025/06/07 10:48,38.897928953,-76.916137338
e43106f6555e963b258795ef70f39835,2025/06/07 10:48,38.942890525,-77.027904749
c7da8c5b0907cbbf9a21c4c8776e10fd,2025/06/07 10:48,38.826509953,-76.9861871
d88a1bb3c3924d587c1eb7414ca83457,2025/06/07 10:48,38.854465723,-76.982402682
c38dd749f20e3cc417cb4afa76a3cdfa,2025/06/07 10:48,38.941755295,-77.035353184
ba09368eb82a636f7964c2c1058526f8,2025/06/07 10:48,38.978485227,-76.974920869
e7bb5af24ce0226d0ad3eadef66a147d,2025/06/07 10:48,38.959733725,-77.009635448
a18cdf1f49f10251382bf734f0fc70ba,2025/06/07 10:48,38.833534241,-77.115524888
35d3b287ce87acc705af42532dd359e3,2025/06/07 10:48,38.957363725,-77.01170063
33b1700a0c4738ef4f8caea52c7ec1b1,2025/06/07 10:48,38.982435584,-76.959878445
a0a04efe647df495c9b96d07f6d61ac3,2025/06/07 10:48,38.814667702,-77.043625474
c7ab6d2336097c44b0ae6cb88aaec0e9,2025/06/07 10:48,38.941655517,-77.102916718
5e74abe90e779b92fa9c4e1d3a06115a,2025/06/07 10:48,38.972816825,-77.055296183
1d4eb7e6ca51f0b128008d63c752cb28,2025/06/07 10:48,39.048682213,-77.125648975
41e93a0f72382b15489c536aff9edaff,2025/06/07 10:48,38.929754853,-77.0033921
fbe2183e5cdddd537529d50ab99514a7,2025/06/07 10:48,38.904740214,-77.035650611
83dcd6601ed456f809ef2f0353eafacc,2025/06/07 10:48,38.801469326,-77.06617403
5482a57fba330d7fe42e694c06d61046,2025/06/07 10:48,38.960191607,-76.98197186
1bcba3a50af8449feb18026438d0c7b1,2025/06/07 10:48,38.957133293,-76.921908379
f86fdf791b0ca9118afd1968c5bd91db,2025/06/07 10:48,38.936636686,-77.358407021
1118881df1297521b5bd2b6af9a26e6d,2025/06/07 10:48,38.954575539,-76.988039136
0617e12f8644b3ea95d784a17c4e1dd5,2025/06/07 10:48,38.900394678,-76.921986699
a41b1b50cd34f762b8b80f58cc310cef,2025/06/07 10:48,38.897324085,-77.022528529
f70311f72ee51fcd17c506bb5d6d8a2b,2025/06/07 10:48,38.898335338,-76.937922478
97a78ddebb5a26f74e1886d331dccdc7,2025/06/07 10:48,38.941443563,-76.944724202
23dfa9dba3804c3f336528ce724260da,2025/06/07 10:48,38.931550145,-76.956772566
82561e807547eb180db086da2a60d42d,2025/06/07 10:48,38.952877998,-77.023826957
1e333e3af9cbfa9a7ed06fe54b38b876,2025/06/07 10:48,38.966622949,-77.006043434
57d705105a61131547f6172b2ef249a3,2025/06/07 10:48,38.804311633,-77.097393394
1dc776342830aa3a2f62c6c6605080dc,2025/06/07 10:48,38.943049073,-77.100339293
9b5d4dabdc74517e56edb8d259cd2124,2025/06/07 10:48,38.939325452,-76.996275663
b807e1df10cdd6c822345ff9afb2ec2a,2025/06/07 10:48,38.901688814,-76.98084711999999
