bike_id,timestamp,lat,lon
347636742aeb9d1e144055bf37b03ea9,2025/05/18 13:12,38.92907989,-76.960713863
e836c7776cb6662bb8f8eac8d9f1db5d,2025/05/18 13:12,38.934763074,-76.956787586
5d1a26028228f8968f7eb59e2219e36f,2025/05/18 13:12,38.852647662,-76.956343889
9676381da3e44edc41711a82743e71dd,2025/05/18 13:12,38.895106196,-77.092431664
6312f7e858819d95c8c518562df2e283,2025/05/18 13:12,38.908477068,-77.063486457
1403ed6cd5a7edbdee477fcaae3c823e,2025/05/18 13:12,38.880977869,-76.995071173
fad04b52d85ad0166cc7e607f7e09015,2025/05/18 13:12,38.923500896,-76.971368432
90e126a048596a16def3772efce3df4d,2025/05/18 13:12,38.922422171,-76.983821869
e2a489d19deaa8a9e40f92b0538d4f0e,2025/05/18 13:12,38.92753911,-76.95560658
7c9cddbdb177a16c617c625da814815e,2025/05/18 13:12,38.907307267,-77.04892683
c437136f46cfd8802973a957f681271b,2025/05/18 13:12,38.798590422,-77.062907934
42ebe3031f9474614ae5b4b1d017e40f,2025/05/18 13:12,38.959543586,-76.980554223
e4ba36d99f2040afb4defba9c350efdb,2025/05/18 13:12,39.100506663,-77.177137494
cf18fcdfe7c79cbcb8455ba418103027,2025/05/18 13:12,39.084825993,-77.135100722
44a9eefa3331c15f90ce74a77076f8b9,2025/05/18 13:12,38.896635413,-76.927297473
4237df6b546324cc763a86170a087680,2025/05/18 13:12,38.943053007,-77.10034287
7cf1bc7abb34f37d8f18f762bc0da48d,2025/05/18 13:12,38.949834943,-77.035938978
0aaa8d96e0848b29708d9733f2b82ae3,2025/05/18 13:12,38.958175302,-76.950152636
24835064a45f2f057cd81ee3f5550a82,2025/05/18 13:12,38.939209223,-76.982650995
84d3dc5ac685aec28b176635cae9d0a9,2025/05/18 13:12,38.924634695,-76.976134777
2016e9db0f7a8df434f5d32fdab9ba4c,2025/05/18 13:12,38.920719981,-76.965402246
d01f31dca15ddf5da2f0ea1e16c680b1,2025/05/18 13:12,38.819972873,-77.057583928
f8cb68214396d2e99f6313eb638caac9,2025/05/18 13:12,38.823573709,-76.996542811
f8a41278cd63af3701668765653001cc,2025/05/18 13:12,38.820480824,-77.063009262
e8d700424b10284d75e9ee112a4af260,2025/05/18 13:12,38.898176908,-77.02499938
348cac8e80b6253b7f043fc9751cb06f,2025/05/18 13:12,38.915606022,-76.983695149
f29f53d34f13d50540cdd05a67871f67,2025/05/18 13:12,38.868123055,-76.972263455
35d8e9043807d72ac78e0369aa90b78c,2025/05/18 13:12,38.842272401,-77.089478135
98885646dcda8546264b267d0053edc8,2025/05/18 13:12,38.949786186,-76.927982092
fc72bcf4a84482fb8fdc1b774b577ca6,2025/05/18 13:12,38.866232395,-77.071134329
a6b702bde577fa0cf0b4b4dc3b9569bf,2025/05/18 13:12,38.964877248,-77.325054407
e4920f4134bd050bf090512c2c719cad,2025/05/18 13:12,38.8990165,-77.124930024
089e34494ad9800b6760d04a2eeda959,2025/05/18 13:12,38.941228151,-76.964851022
157720da22c9e580b2672c093b7b8063,2025/05/18 13:12,38.903415918,-76.950153112
e46510669fab8a96db82ed28f0c4ed73,2025/05/18 13:12,38.986553907,-77.053335905
2f61c11328dc990460f81f0eaa8ab923,2025/05/18 13:12,38.972177505,-76.981935382
5b56907b45065edf9b2d48909f1dbb03,2025/05/18 13:12,38.954785109,-77.000019312
70af97696245d301804186fcff81a96d,2025/05/18 13:12,38.866767645,-76.979128599
3b86aee57ab464972f485fd2c82b3b80,2025/05/18 13:12,38.939196587,-77.036756396
0b4b84b1d9de6f275ab0113518190539,2025/05/18 13:12,38.97279799,-77.055360913
1306954cbf1a2ec1b7d1557cd826d2e9,2025/05/18 13:12,39.000370741,-77.04218936
70b9c25dd43f992cc16104e631f0950c,2025/05/18 13:12,38.814093232,-77.110145807
b6ebff52478158802663e67bf1708744,2025/05/18 13:12,38.909406424,-77.01977253
33e79ecc1db6450d07226ce27d32d23a,2025/05/18 13:12,38.967364788,-77.02126193
d31505bb282a736665379775f9d98b79,2025/05/18 13:12,38.874554396,-77.043666363
5e907edb83812426dbc4b65b98c579ae,2025/05/18 13:12,38.870711923,-77.088570356
2b01576ad0fd42aa6af0f5d70b1da969,2025/05/18 13:12,38.958066463,-77.019503236
ba7bcf64c55346535b72467d23d47a66,2025/05/18 13:12,38.968238831,-76.988640904
d65a7b059d82e703e5e5c8d2e2c21b97,2025/05/18 13:12,38.845370412,-76.981026053
acb389e6b658c05740f4e0ccb495c25f,2025/05/18 13:12,38.902839303,-77.062866569
919dbc53434da59d910a5d9b3336e9ef,2025/05/18 13:12,38.905689597,-77.062761903
d871de96ca9bd3e998ec281199888a5e,2025/05/18 13:12,38.846070886,-77.001550078
40b384ea6f9c918eb1cda462bc2b147d,2025/05/18 13:12,38.894844413,-76.938658953
7196889a117515e3541aa95df50dbb14,2025/05/18 13:12,38.950741291,-77.053211212
7f3f27927b57ed3c969b2e56a9bf7e95,2025/05/18 13:12,38.888777018,-76.900176287
aef8605429d74f2f7b67ec8229f9d279,2025/05/18 13:12,38.878570318,-76.925226927
f37addce3b878e3ac500efaaa6774bfb,2025/05/18 13:12,38.963080764,-77.011037946
d546d4e4605580c69e0684861d9fbd21,2025/05/18 13:12,39.023246765,-77.026818752
ac306ea6c91545cdba0ce0873e0638e0,2025/05/18 13:12,38.994885802,-77.019837499
57787cd502afe1680255756ffb5baab1,2025/05/18 13:12,38.86810267,-77.086503863
f5fb076de6413c1d0075258cf1023cef,2025/05/18 13:12,38.890652895,-76.959013224
6731021f7357a60b07519df04d3d91b3,2025/05/18 13:12,38.940703988,-77.067064404
cc3a544dd1f263ddf39280998f03d34f,2025/05/18 13:12,38.92058599,-77.03344214
b50e1aca89faacddfe7d87a72ed42cb9,2025/05/18 13:12,38.945033669,-77.06383729
81bc4a275f36b1c8ffb4560e5fd08fa0,2025/05/18 13:12,38.801941156,-77.040232301
10a5dbf7853572c7ce2bd1829ef5c1ee,2025/05/18 13:12,38.966985703,-76.998477459
babc70bae0ba85e03e2076fa65291069,2025/05/18 13:12,38.882280469,-77.14455688
3796e21536fb685d33eb60c644ab8822,2025/05/18 13:12,38.946691632,-77.024738073
549f44f0af5f682a382820a00e2f015d,2025/05/18 13:12,39.014762878,-76.920159698
0ebb872671061729e0aeb5b9ea409cc5,2025/05/18 13:12,38.876925111,-76.931440115
97d4801c6e508feae71ede4a7bb7a537,2025/05/18 13:12,38.978674769,-76.988601327
867e82b5386ebf08226252da089df27e,2025/05/18 13:12,38.889951944,-76.954386234
38d9618d700f7eab59804db5b724d225,2025/05/18 13:12,38.871327877,-77.170724988
965d4324a2cbfdb4869866161ef0be4d,2025/05/18 13:12,38.945931792,-77.006332397
4828d3a8423cdbf2688bd7c5534e873e,2025/05/18 13:12,38.900467992,-77.029613972
e8fbf0b2785c7f737721f1fc0b55d9e2,2025/05/18 13:12,38.809246421,-77.129801035
560908b736e13fef2ce39934f8d9a345,2025/05/18 13:12,38.848619342,-76.975797176
a42c08c4c7f1660716912e02ea0d8ae2,2025/05/18 13:12,38.895798922,-76.906734109
ec5c0499616030186223fff52199e7a5,2025/05/18 13:12,38.940252423,-77.077530265
f3e5b952d44346fcfdb202ed741d4ba5,2025/05/18 13:12,38.997552395,-77.013679743
2893194919dbc014fdd05e05efad2542,2025/05/18 13:12,38.843066931,-77.067150354
0ea4c55dd973a80d9edbfdb4d888e7e7,2025/05/18 13:12,38.823810816,-76.968640089
90f111d173776a587016a2683aa9af5f,2025/05/18 13:12,38.983631492,-77.054011464
c43406c53c063cc68db893dbd6a686ee,2025/05/18 13:12,38.929642558,-77.011267543
0644abd37ec04c2c9b9759796b255d73,2025/05/18 13:12,38.896455169,-77.135634303
9b0cb2fb396706cdfc200896c9df6d6c,2025/05/18 13:12,38.994040728,-77.031977534
bb4c5711046664043e675597424b5e92,2025/05/18 13:12,38.934165597,-76.952228189
d3e61e131fb1f43adcaa3e57f68396fb,2025/05/18 13:12,38.923334599,-76.972121477
39416c46a110dd269fdc7e5b1e5f8cca,2025/05/18 13:12,38.880500436,-77.025162578
96da6924999955f61adde5bad775a316,2025/05/18 13:12,38.99649477,-77.040688038
962bc8c9feb5adf5d5c7715f64930595,2025/05/18 13:12,38.873585224,-77.128834844
6bc2249ba56d8baa2392689983e901d4,2025/05/18 13:12,38.953838348,-76.995434761
05ed656793df0b1fb1b7effa8191e86d,2025/05/18 13:12,39.114584565,-77.205358744
777d44617fbc2be19786a6bdfef64182,2025/05/18 13:12,38.90537405,-77.065192103
1aac80e0fb59ef529929341e9b627685,2025/05/18 13:12,38.838614345,-77.109794617
a0a6054a0ddcec79acfc4bd6211f6172,2025/05/18 13:12,38.960151672,-76.969548464
21bf85082fa3053c070929dc5fbfa71c,2025/05/18 13:12,38.884078026,-76.960620761
8cd050a86ba5ac2b34af1aaf453a0106,2025/05/18 13:12,38.852483511,-77.106681108
026b8032c156e91e96b919d9e8a7509a,2025/05/18 13:12,38.943964601,-77.054662347
7271b1c478e2bf2ed46d163ed94fb4aa,2025/05/18 13:12,38.936525345,-76.98131597
f4e08528edcc9d43d4a63a850a817aae,2025/05/18 13:12,38.96632731,-77.019984722
58be0c7b50383e8c96bfb44cbe54324c,2025/05/18 13:12,38.888860464,-76.900027037
3e905775b6f1eb6c66901343485afffd,2025/05/18 13:12,38.992408156,-77.026423335
8c834cb308f2fb41a7b3512f6a4315ff,2025/05/18 13:12,38.972991347,-76.98061645
eb804353b5b387f084e2df04ef4aa3ea,2025/05/18 13:12,38.899410486,-76.932801843
84ce190410a806170577ec4fc986052d,2025/05/18 13:12,38.871631742,-77.152739167
de9dad4f7ddb3cc25ab8e105c138774c,2025/05/18 13:12,38.803845525,-77.039895296
d348541d48ab5b9898f5582b200bfb87,2025/05/18 13:12,38.941472292,-77.027636766
2a35b849ead6c5456a90328d83a079b5,2025/05/18 13:12,38.853248715,-77.115098357
f2717f908274f8b167b621f6ecbae997,2025/05/18 13:12,38.932836056,-76.965322018
ac4ab43bea3dbcbbc43270c7527cfef8,2025/05/18 13:12,38.98267889,-76.979113936
cf11142b1b76013a5399894ee98997af,2025/05/18 13:12,38.928154349,-76.960749626
adecefd9245bd5f9038e803f3a3bb909,2025/05/18 13:12,38.841896534,-77.275993466
cf15f2c65b2b3f195f20999c55c5a689,2025/05/18 13:12,38.955500364,-76.968994021
082b443ce7f1894abbba2e09077dd1da,2025/05/18 13:12,38.886871934,-76.996811032
077476b68e566ec7922bcdf1fad92a5a,2025/05/18 13:12,38.850903869,-77.089050055
fb22971816c94b33033e6ec86f0c4a0c,2025/05/18 13:12,38.87220943,-77.124814391
835444659cc8e8c838f556dfab447d3c,2025/05/18 13:12,38.998404145,-77.06825757
5c2afab031ba86ead8e688b0508c0bbb,2025/05/18 13:12,38.89851594,-76.978553534
23f2e3013acc566be0debea1bd121e9d,2025/05/18 13:12,38.953275919,-77.016338468
88f399db947402648c1376a3c67e0436,2025/05/18 13:12,38.885040164,-77.236433864
a252f4894ceda5c076875bbdcfb0f6cb,2025/05/18 13:12,38.908017397,-76.940198898
6629429300ea74e5b82ca86fbfdec5f1,2025/05/18 13:12,38.90762198,-77.063182592
8fd00d902b58317e77561c9e3033816d,2025/05/18 13:12,38.944164276,-77.038316488
c20a5c79f5ffe709c0ec4e6950c625cf,2025/05/18 13:12,38.965527058,-76.98324883
b7dfc306202f6be5e5f3acf48bce6ed7,2025/05/18 13:12,38.898554444,-76.925694942
514eb2302b8a6e904770276543caf888,2025/05/18 13:12,38.903628826,-77.067471147
b11dff6e1494ab0d441c9d4888e2ae22,2025/05/18 13:12,39.004454374,-77.040440559
3d680c0891b3ba6b2c90d055a0947030,2025/05/18 13:12,38.985189199,-76.977322936
41f975b313d851ce7d7d616552ed68fe,2025/05/18 13:12,38.865084529,-77.066072583
9f52acac3cec436b96314d6636021e86,2025/05/18 13:12,38.960753679,-76.967303753
b6dc0ed4b127f72db052acec5905b90b,2025/05/18 13:12,39.010565042,-77.040534973
b7e0a1e2e8c064222aa7987b9309c65a,2025/05/18 13:12,38.929728031,-76.959592819
2813e1c06bdca859b89144c0112fdc62,2025/05/18 13:12,38.992942691,-76.981854796
197fb037a54e80e648ec120cfa1b526a,2025/05/18 13:12,38.842563272,-77.121823311
b1eceb0e1e178e6d32b8b919e7d3845e,2025/05/18 13:12,38.859672785,-76.996521354
afb2bb1b8d1ab3d90e736e781935b0b6,2025/05/18 13:12,38.908421159,-77.063526511
ee8b68ab2d3043722768cb8e56e430ee,2025/05/18 13:12,38.949280977,-77.064574003
67fb329fe6806da65d3fa6e5f8a3b218,2025/05/18 13:12,38.963069797,-77.011140704
0b3c9860e09de4a113fa015570db0264,2025/05/18 13:12,38.868395448,-77.231266022
0842043e87debcb98ab6a6182ddef7e6,2025/05/18 13:12,38.942464471,-76.996021867
3c3b0ebafd6b94ce419c56bcaec5f894,2025/05/18 13:12,38.850410581,-76.979759812
ccdf5879b74f4135fd5383141cb3d67a,2025/05/18 13:12,38.908471942,-77.063467383
d022d96da781c3ba46f451b4ff04c027,2025/05/18 13:12,38.95235765,-76.989834189
240f2ccc3e1fa4c9e838e6d417bea31f,2025/05/18 13:12,38.968202353,-76.994460225
d191c7a0a5c6c93064dce9613d0ba152,2025/05/18 13:12,38.978506684,-77.067115664
126e895282c3199e6ef4f512f0396b73,2025/05/18 13:12,38.8714329,-77.17077601
39e884f446193a91f1e3e2fc6ddcda61,2025/05/18 13:12,38.87715745,-77.096218586
6a6346dea99d304f349a9dc5d955d95e,2025/05/18 13:12,38.890479803,-77.017387748
6672867fbc372c6ebe9119454fea0cee,2025/05/18 13:12,38.909522891,-77.027184725
3cc19f1dec47d90c253cd975b68b4abe,2025/05/18 13:12,38.847476363,-77.06926012
39020e399b0d9e6cd0216f9880f21036,2025/05/18 13:12,38.847838879,-76.974807024
19ace59df95618aebb4aaefcebe3bee0,2025/05/18 13:12,38.862911105,-76.996149182
cc5d7046622c4ca854e167bf2983de06,2025/05/18 13:12,38.888360739,-76.958064795
b5442816932366786a8d27049061412f,2025/05/18 13:12,38.953814149,-77.028498173
f597c92e0764397f00b5a5c61fa3d7f6,2025/05/18 13:12,38.90347445,-76.950152755
a9f5d3d40ea1ddcd17b9ad6584ddf59a,2025/05/18 13:12,38.927803636,-77.005937338
258191fa2357d89c9b7c93c6cf43fd57,2025/05/18 13:12,38.89720428,-77.03027153
41559a5a1b79f2d9805aac20797c7fff,2025/05/18 13:12,38.820665956,-77.007778406
9e2513d4542696a5976aa80aad0bb321,2025/05/18 13:12,38.896477461,-77.12833631
fc7a7aca5b8af73087a74d78b4110a36,2025/05/18 13:12,38.929059982,-76.978429317
b3389c54f71b00531241a3a815bda335,2025/05/18 13:12,38.846023679,-77.069948554
9e8a7ab4c0cb98d6f23bae6f91e9d4b9,2025/05/18 13:12,38.879186988,-76.995335698
a43b8ea2bafa9d7ee7b5f37a3a0b73db,2025/05/18 13:12,38.847659945,-77.120240211
f9638ef22dbb7ed81622b80d5eb7c1f6,2025/05/18 13:12,38.820086956,-77.057703972
f1397f203228e6e890bc671a8a0804a7,2025/05/18 13:12,38.89224875,-77.033863068
7275678e0411e1b567c034b5c81bade8,2025/05/18 13:12,38.959037185,-76.945196509
79ed0b922303e0b0ff5e7a17636a49c8,2025/05/18 13:12,38.916841507,-77.031814575
4cc2ee239d67a8cd6ac936a0fab122e0,2025/05/18 13:12,38.869600415,-77.012989879
e30e658f4ddd7b7f9a1bde1751c59045,2025/05/18 13:12,38.941364646,-76.964573026
cfc0f793c85af6a551f34a93e24ce0de,2025/05/18 13:12,38.897079945,-76.974270463
5e269b07e90a2d53bb3f57b51552e2b3,2025/05/18 13:12,38.896067858,-77.027085662
4a1874430fa6fccf0bab2f4201c60337,2025/05/18 13:12,38.881100774,-77.026561975
8b6ec6e455d9e6539d6d514a0006552f,2025/05/18 13:12,38.961128592,-77.002691507
2f73b423ae6f119fe62c7004abdadba3,2025/05/18 13:12,38.871124268,-76.923420787
3f423b26136cdb3895454b09d8287e24,2025/05/18 13:12,38.836984277,-77.103472352
e93d0cf9863868eb023a0a0ed7926ac8,2025/05/18 13:12,38.886101007,-77.141854167
f925c25fc8a48f352f59ecccd98e2ff1,2025/05/18 13:12,38.903309226,-77.027062893
0d081a116f66c5869bc7acb046d6e3cf,2025/05/18 13:12,38.910464287,-77.044157267
6e021a704a65eb1d72034c5ffac8556c,2025/05/18 13:12,38.98304832,-76.913584113
6b8a635c35632c42c7def7697480f692,2025/05/18 13:12,38.927302361,-77.013611436
72fd2a2fbb66989d211d109c2796e1bf,2025/05/18 13:12,38.981138945,-76.937787533
f2efe2db1d9eba19ed0dc8a66940b7a5,2025/05/18 13:12,38.798664451,-77.062893152
09e4d003cd5098db62b74fa0d8944e5c,2025/05/18 13:12,38.994613171,-76.926654339
1d5593db7bb15da4c806c91803c02fa6,2025/05/18 13:12,38.877887011,-76.943720818
e355dae1df30296c4bd8a17a2c59bc46,2025/05/18 13:12,38.885807872,-77.033496261
7a06bd89d29f3e94c5b2d153cb7d66d4,2025/05/18 13:12,38.796909809,-77.002719402
772bc6f4c1986ada17e36a3d621db1e2,2025/05/18 13:12,38.956693769,-77.022238374
db56dd1af7445bbf4bd8c365a3940736,2025/05/18 13:12,38.890273809,-77.085271716
4d0de82049cfd0f99622db493482434b,2025/05/18 13:12,38.931966186,-77.001423836
ee5669cc0f1bb423390e316a6a840dca,2025/05/18 13:12,38.852676272,-76.965616226
a2a8b0b49c0273b45910b92ac1fdc513,2025/05/18 13:12,38.921774745,-77.252657652
89611a3fb6cce954c058bf9f79a1fea8,2025/05/18 13:12,39.002912164,-77.115710258
264e8d4cfc4bcf4b93cc9a86e341a969,2025/05/18 13:12,38.955767035,-77.023487329
0cc8046312e8de02690737552ff72033,2025/05/18 13:12,38.904371977,-77.061188102
7fb31c46b47fa130d8de98e7c4baa577,2025/05/18 13:12,38.929572344,-77.011504531
37cf3a4a7680cb0f8aad0f46e404ca72,2025/05/18 13:12,38.999011517,-77.0396384
d17e5515cb55676b26de50d80b72ad2d,2025/05/18 13:12,38.879478097,-77.195786238
7f42a3e25705a731a605c9273917767e,2025/05/18 13:12,38.903642654,-76.925880194
86d846802f8ebf16c1900bcc482c5ae7,2025/05/18 13:12,38.953432798,-76.925422668
d6cc7da8e854deda052c5f4323f17ae5,2025/05/18 13:12,38.949716568,-76.940741301
e0c0b8cc43d38e7aff916c0ad93ec2dd,2025/05/18 13:12,38.810897708,-76.996012807
dc9a56228d0189c8175fdd6c81439b1c,2025/05/18 13:12,38.942542791,-76.996368885
cf9507b665045d270a8b35bec4e4eea9,2025/05/18 13:12,38.940979123,-77.000331998
a89e7dfe38c2595942dc5ccd42469efa,2025/05/18 13:12,38.850994229,-76.969182968
5a6c8c3c41ea3a9150d5dafba629dcc9,2025/05/18 13:12,38.884606838,-76.952356458
c0b1ddfa2d7d8972f04a5331306c1c08,2025/05/18 13:12,38.84922719,-77.090260744
056e737f398944f0f6bdcbb13758a692,2025/05/18 13:12,38.833891392,-76.981274009
9fff0544693bd0a977805d0f8a138168,2025/05/18 13:12,38.927702188,-77.02641499
da2abc6fd3c266c00fc0e4d79cf97fea,2025/05/18 13:12,38.938697815,-77.112048149
7425393134260304153371accf5e9184,2025/05/18 13:12,38.94271636,-77.098556876
59c2e281aa9d2020f514c0cf81d50f13,2025/05/18 13:12,38.96476233,-77.035935163
85177962bed817ab66f4f0d4c38ca344,2025/05/18 13:12,38.934734464,-76.947442889
803140a06ebb61674de687af2f2c5525,2025/05/18 13:12,38.889128923,-77.114343286
3aee774602be26e804e64c62382bd2e8,2025/05/18 13:12,38.953505635,-76.925391555
72b7edb5f8ff1c1e6fbfa65df31da991,2025/05/18 13:12,38.840381026,-77.087710977
f7cee4e2c83b2bc67df8131aaf89fda9,2025/05/18 13:12,38.886091709,-77.141830325
c91a1823e32dfd875da5d05e0cb20e0e,2025/05/18 13:12,38.869077563,-77.143937469
4ecaa0931f26bdecbdfa16807cb3abaf,2025/05/18 13:12,38.950734496,-77.053210616
a5b41cd0cce2266f7c2ecbd2219979eb,2025/05/18 13:12,38.894734502,-76.937705994
d5f040dca8b0d7d92ba9afa61bbb6d1b,2025/05/18 13:12,38.889165759,-77.083786964
c10f12487e47fdccde74138c46284c4b,2025/05/18 13:12,38.882959723,-76.928960562
10b5e515387fea29a8a6a721bee71a1a,2025/05/18 13:12,38.857219338,-77.060050011
250ec55f965bbde14128df536b93c4d2,2025/05/18 13:12,38.96520853,-76.967679024
45516af137ebe582d712eaab0048b668,2025/05/18 13:12,38.907638907,-77.071442485
d80b95bda4d5c323a6314230a688acd0,2025/05/18 13:12,38.904692769,-77.0663836
eb58b7294e869abd8dd7f34eec5ffbb9,2025/05/18 13:12,38.901817203,-77.023276687
6414881212cfc4fa3c63bdd30a738174,2025/05/18 13:12,38.876515985,-76.930942178
7ae41d30818c44a10449c0445e633f39,2025/05/18 13:12,38.808682799,-77.082771897
460e1ee17a07bcfedc7ec63b4eb1be74,2025/05/18 13:12,38.953673124,-76.924888372
c06cee7b813ea5148776e54b211b1efb,2025/05/18 13:12,38.965555787,-76.983278275
ddf5ba53ea53effc486d8337cd4d3925,2025/05/18 13:12,38.963652611,-77.035213709
24875e568814324d9c72bcd38a23f559,2025/05/18 13:12,38.91917336,-77.100711584
40ea37748ddba6f8694e7344ac278eae,2025/05/18 13:12,38.925741673,-77.005408764
14d7564ff0712655554591d7c1ffab9e,2025/05/18 13:12,38.839349389,-77.087175846
e67a0c3e51dfe267228705073236950c,2025/05/18 13:12,39.058396935,-76.968321919
3605dc49f948025dac52c501c2fa7ab8,2025/05/18 13:12,38.846924543,-77.076928616
44711c1815dacff151d0d9f254d67691,2025/05/18 13:12,38.81887126,-77.120027661
d828d8cda1edd8938b3533e84df9eddc,2025/05/18 13:12,38.959523439,-76.947044015
905f1f01f32f26a61861b1e5bba1d6fc,2025/05/18 13:12,38.823539495,-77.008695841
fb851f603e8a2d4513ed37b632b5e7ef,2025/05/18 13:12,38.981999755,-76.947374105
dc70c70c0004ecc26672bf66b0eca78e,2025/05/18 13:12,38.907699823,-77.065249801
43da264f3aea704dafc05aecceebfa3f,2025/05/18 13:12,38.926754951,-77.041252851
9cf24fb3884f29e911b8aba38ce98b5c,2025/05/18 13:12,38.997635365,-77.043144345
17f1b32a9fa6044ea6208f3d8743c39d,2025/05/18 13:12,38.842921376,-76.988403082
41d7f835e4259281a8ebdf9ccb39567a,2025/05/18 13:12,38.948303461,-76.93058598
37147631d4271b07041b2a1ff18cbbaa,2025/05/18 13:12,38.894376159,-77.158382416
c92825b51f18913b02b055e7cb1cfa10,2025/05/18 13:12,38.828509688,-77.05901444
ee05eb4e685fe29449a3fd357f639c43,2025/05/18 13:12,38.891679644999996,-77.142023683
0e3c68a49e5a181b550a847b0a342a26,2025/05/18 13:12,38.820638061,-77.007860065
30b36c5900a4a510b5440d61b43e68dd,2025/05/18 13:12,38.90641284,-77.069147468
d6c3df202275a5dd708bc265dc7ed069,2025/05/18 13:12,38.912721038,-77.041900635
977b028c054956d07dc40e25566b056d,2025/05/18 13:12,38.953582644,-76.989323139
88475f3e09ae1398d14822e335ad5ad1,2025/05/18 13:12,38.994894505,-77.019826412
db448954550e3769e182e0b822fba1ea,2025/05/18 13:12,38.981127977,-77.021260142
80a8291295f6687106f1d2f7e06bc6d4,2025/05/18 13:12,38.867773533,-76.939027786
ce16eae0ada0314bd601d666241f9b00,2025/05/18 13:12,38.944896579,-77.015508056
c8f426841b6054f36dccfc12e767ea91,2025/05/18 13:12,38.904853821,-76.980562687
5b7488138e6000bdd24fb9b34acc4779,2025/05/18 13:12,38.821496367,-77.123666763
3cfcd8a431c0e85c74e9c54c66ac9c93,2025/05/18 13:12,39.017671347,-77.007652283
e0146f513e41b23d44472395e6f85351,2025/05/18 13:12,38.97165823,-76.996380568
97f10fb44faf0f14a7f91cac982cbe72,2025/05/18 13:12,38.897075057,-76.974276662
6f676ec898f0e227c9d709ced404c139,2025/05/18 13:12,39.007569671,-77.049060702
84687e541b9e02575d11da04001f3511,2025/05/18 13:12,38.905412912,-77.065265059
1cab5b3857df030c5430916dfd7ae195,2025/05/18 13:12,38.815754175,-77.123710871
37fffcef7a7b1a66c25ca65d80abd68a,2025/05/18 13:12,38.976614952,-76.954904795
4d7e15e5bdecde693a8ffbab073030c3,2025/05/18 13:12,38.810386777,-77.135960102
414da66a58811be3452d7091309297b6,2025/05/18 13:12,38.906129122,-77.018859029
bd257f0e7e5aae9565a1e838048af35d,2025/05/18 13:12,38.898643732,-77.019298434
ba94af714f26c238906d9d0c72820995,2025/05/18 13:12,38.868295789,-76.979199052
5d3f3c48edb5b7bb98e8cf9c20f91d8a,2025/05/18 13:12,38.778479934,-77.01109767
ab26697fa5ac6e145cf3832870dd1c3b,2025/05/18 13:12,38.936924577,-76.952235103
e8f1f7c9f8f53c6c4090dea3d882f503,2025/05/18 13:12,38.853293777,-77.115186214
8c01c828f1256134cb524decac1005e0,2025/05/18 13:12,38.973838449,-76.991107821
2067a0e4799775a724e8d07faae78413,2025/05/18 13:12,38.972528219,-76.980559468
e322dad634647a5d1a3a60dbfac427e0,2025/05/18 13:12,38.955572367,-76.979621649
4d822af5fb378a03eea620ff7ef7c54b,2025/05/18 13:12,38.837246299,-77.0607903
74e45b6b0d589c2e3b12c21f22f04cec,2025/05/18 13:12,38.830899358,-76.99777317
38d30197bf3645b460a43a172514f8dc,2025/05/18 13:12,38.876108766,-77.000521898
448bf9eb18b0829317f4f0135f0656f1,2025/05/18 13:12,38.83873868,-77.118688226
0551321f41426b85e8d0a30b75e2b952,2025/05/18 13:12,38.850733042,-76.975016117
7e1c22d885289eb9b81145d4e548875e,2025/05/18 13:12,38.863498211,-77.087014556
d245627c7380c78fc10da94c205abd2b,2025/05/18 13:12,38.901442409,-76.939711809
3d5046232868c34cad1cad6e7c31b38c,2025/05/18 13:12,38.964018464,-77.006492138
197686bf3f6546d402c59393ffe120c2,2025/05/18 13:12,38.954039335,-77.030754685
0d7d5c3eb6255c5cf8f1f995076fd9be,2025/05/18 13:12,38.842867494000004,-77.120868921
2ef431f3bb3587b891a4a29ccfd71a37,2025/05/18 13:12,38.906407714,-77.043699026
39f58ac8d4c9c6f9ee71a37946c88aae,2025/05/18 13:12,38.820807457,-77.125290275
7a41324a02bda3e6b88670f7c6ee7ef9,2025/05/18 13:12,39.108407378,-77.211389899
307cabafc17d2a234ed678ca79effc99,2025/05/18 13:12,38.853828788,-77.134845376
16e79c8c9c00a8b8d5db5147ceb81fa3,2025/05/18 13:12,38.845018148,-77.12096417
265e68ff5734fab1e38723ca85d5f518,2025/05/18 13:12,39.091264367,-77.167222857
3d30059d7df811033460ad6c87d1f995,2025/05/18 13:12,39.004302502,-77.036782503
bbef9d26c696d22df344c33f30c9b922,2025/05/18 13:12,38.897957683,-77.031761169
41f4d1700cdac8395136cb5cdc7212b8,2025/05/18 13:12,38.86953485,-77.010822773
3e401b36f9537c5f38ad8b3349b2a1c5,2025/05/18 13:12,38.943978786,-76.957020164
7f015ec9a4470a25ca4041fe45dfb499,2025/05/18 13:12,38.97533977,-77.028012037
ec52ea99b8f78238c9823d77f65bcc01,2025/05/18 13:12,38.933016062,-77.035878897
e2ebd41ca19d44d02165ba73991557c7,2025/05/18 13:12,38.95771277,-77.030392766
f2c0f89659188bb31b866c5f663026e6,2025/05/18 13:12,38.797771931,-77.040076733
63777a41f9f7b1fad5e1785725d90c50,2025/05/18 13:12,38.923993111,-76.955394387
643cef12f7489077a826c793854cb700,2025/05/18 13:12,38.945663095,-76.969495773
37d8e0d96a0f723b20d59febd52fdd95,2025/05/18 13:12,39.046852708,-76.975722432
cba25d2b508286f43f17165e464aac42,2025/05/18 13:12,38.949180484,-76.929180026
5c6e8ccec5a2ee4951ca13491708fe50,2025/05/18 13:12,38.939717531,-76.97976017
8bdefcba9db385b36630fd444f5d35c4,2025/05/18 13:12,38.8846035,-76.95235908
13a8ceedaae95a28876d82bdab255ad2,2025/05/18 13:12,38.878450632,-77.121223688
f1a1ed937e8468b63f09ac0301533312,2025/05/18 13:12,38.902584553,-76.927409291
2d2feb60521068df0c20646bdd587c41,2025/05/18 13:12,38.944741011,-77.022074461
18fa086f2b0eb51a3853dec10eca7001,2025/05/18 13:12,38.928005695,-77.068844795
60fe4b6e5dec8550eeb62b1d7102fa10,2025/05/18 13:12,38.807846427,-77.096774578
6ae01bd9b2b4b1b4609367f8d6d91c60,2025/05/18 13:12,38.905116916,-77.056917548
f290e40a8cbe7db73c506c215a30b6c4,2025/05/18 13:12,38.950898528,-76.991619945
ab73ec2f0247c7277cfb567d83652e69,2025/05/18 13:12,39.007676482,-77.040284634
8df2ad560902ead6cd6e19c5985706c1,2025/05/18 13:12,38.913596392,-77.019050241
8111a95e99a4825e93516fc281b8a015,2025/05/18 13:12,38.846948981,-77.076897383
8b9531a783229dd7ddda8a4d8d28d0f8,2025/05/18 13:12,38.962160707,-77.017962456
082cf64a532b2e747df9c95c8eeb9ff2,2025/05/18 13:12,38.985485792,-76.983568192
2c607ae01415974a2eb2b47fcd699cfe,2025/05/18 13:12,38.873166561,-77.114154339
82fc7d1d213e3b9991466a8c1449b392,2025/05/18 13:12,38.939605236,-76.992398739
6181b4d1419661b7cd037404618a3aaa,2025/05/18 13:12,38.855645299,-77.081943631
017b9a1e3bfa10e01e2ed6ffe0acdf16,2025/05/18 13:12,38.901616812,-77.022999167
287efdc7f121ca854ac58876f409c795,2025/05/18 13:12,38.890955806,-76.948175073
fc635986564a790fbe9559e936b03024,2025/05/18 13:12,38.987335443,-77.08388257
dc6d23c5dd8735232bc50245882c4066,2025/05/18 13:12,38.97153163,-76.96212256
769271def8c26d8e145a976d9b0a6446,2025/05/18 13:12,38.946269512,-77.087586999
13ed3d48218532ba638c546c5314d2c6,2025/05/18 13:12,38.872971892,-77.00166738
aa4d8c6c66089dba2bb6944497191b15,2025/05/18 13:12,38.90426147,-77.126041532
a1250e296d920bfb4d5d03994327e382,2025/05/18 13:12,38.987888217,-76.98073256
137fc8cf9fa58eb24a889d4534bc8434,2025/05/18 13:12,38.89984417,-77.021784782
b6b04a9eb02930533afbb39761a59da7,2025/05/18 13:12,38.853261948,-76.965329647
75e5229e7fa7cd18052b8674f8ed7b8b,2025/05/18 13:12,38.958045602,-76.939818978
5c45032e6c2a85bf07380905965920ec,2025/05/18 13:12,38.950109959,-77.074714184
175fa9ea8bda58dc2518d19fa52e45b4,2025/05/18 13:12,38.960909843,-77.026602745
9fb4a29400c39b590ae14f8bbccdb0e5,2025/05/18 13:12,38.908460855,-77.063490629
19bf7f30e61dd532c340d856a8b3f50a,2025/05/18 13:12,38.934276819,-76.946980953
3870cf862525482d12064af716781963,2025/05/18 13:12,38.95663178,-77.022424817
3dbf72ca524b501a3787a8aaf0850155,2025/05/18 13:12,38.849218726,-77.133080959
b73c5bb09597044941d69aab90f28a39,2025/05/18 13:12,38.820020914,-77.057610512
a62263bfa06ab1c5595467c4e4d4e3c2,2025/05/18 13:12,38.844524384,-77.067085743
6482d1cd78aabb51918fa2f3bd76aa4e,2025/05/18 13:12,38.909162045,-76.999348998
b072d179af65dd63e0ff8bb673127541,2025/05/18 13:12,38.966216922,-77.034929514
52d0c6533696523333e2a04b39dbb4aa,2025/05/18 13:12,38.992068052,-77.025046349
7b714cebedd38653b65ae10aefd9fabb,2025/05/18 13:12,38.867868304,-77.134819388
064e784fc2707a9484aba1fa37e0154d,2025/05/18 13:12,38.88109684,-77.026899219
eb27df03b77f5708fb81e01468fc75aa,2025/05/18 13:12,38.813070178,-77.123333573
4af90b862e4868ef47ee41c86224a892,2025/05/18 13:12,38.884290099,-76.995979548
02012bbfa0b2d1eff29eb6e2dacec3f4,2025/05/18 13:12,38.968566418,-76.983810544
df75c6c22e95927c37326853a72e6136,2025/05/18 13:12,38.85550487,-77.091684818
be6d5e4200095c81b775a1bd9eb31f06,2025/05/18 13:12,38.993997216,-76.979888797
52454722b4f591de045519819c96feab,2025/05/18 13:12,38.797768831,-77.040151477
82f9489fc448433b240c05440e425ebf,2025/05/18 13:12,38.892264366,-77.033010006
6ec114bd11ffd25fd73ea1391ff0b2b0,2025/05/18 13:12,38.899806499,-77.022732496
a6396e27abc0aa133d60b0c75736f69d,2025/05/18 13:12,38.895422459,-77.020185709
9bb0198dbcc5a5bcfce2656602d55fa0,2025/05/18 13:12,38.875440717000004,-77.048814774
c4472518ac716c6a0da32ff9f9b13caf,2025/05/18 13:12,38.806740761,-77.049070716
b8ea7237bfbc74b475f613c93404c322,2025/05/18 13:12,38.846077919,-76.971765637
5ea6347427b263ebe4fcce3c2ca3643d,2025/05/18 13:12,38.90652895,-76.977671981
ed315227364e5891c457ae36dd3551ea,2025/05/18 13:12,38.898425341,-76.937880397
33a8065e67b472eea6811d60433e3985,2025/05/18 13:12,38.899929166,-77.005979776
577a6806ea9f007c71ff906673bd05a9,2025/05/18 13:12,38.879193544,-76.995337486
74dd98e09436b7dd9b6e5bfe0f18649f,2025/05/18 13:12,38.884143472,-76.960521221
3182180d418d74ef52b0fef01cc9088d,2025/05/18 13:12,38.813213468,-77.050943494
66d0332b4cc763d95cb29f62b463c4a8,2025/05/18 13:12,38.814317942,-77.119170308
72c0d4eaac3a517838aa57318dfc6165,2025/05/18 13:12,38.961578846,-76.932528973
c93bc9414d8a885d9a22185608252405,2025/05/18 13:12,38.945385695,-77.095998645
b356c12ce45d6e659911056755b83a89,2025/05/18 13:12,38.81414187,-77.057256341
ffc9bc3600fce78f6f3e1ee74cdbc6f1,2025/05/18 13:12,38.886880398,-76.996811509
33f4f1949ce5c9439de55ae1cc0b2663,2025/05/18 13:12,38.862900615,-76.996096253
8ecda08b0aaf7888e67acf42c2d1cf6d,2025/05/18 13:12,38.95665729,-77.019857407
7bd1cf51572e64b7ca07af7537d29dad,2025/05/18 13:12,38.936899543,-76.95216465
a6acb44b7b55df5b8730bfa576b79911,2025/05/18 13:12,38.943702102,-77.093691468
943ae446280ea9f8421322affb627212,2025/05/18 13:12,38.899855375,-77.022739291
eadbd8fde6656e4666e10486cbd46140,2025/05/18 13:12,38.993916869,-77.030954599
9a3fc85800f8ec6f255ab5d21e774339,2025/05/18 13:12,38.901262283,-77.052291155
b59188b6ccaaa9e7387b5e16a2b31f9f,2025/05/18 13:12,38.903495073,-76.950130105
24a22c70ef0f00ef3b25b90b99aadd64,2025/05/18 13:12,38.820093155,-77.057621479
255234af6de473c24044e55002a9663a,2025/05/18 13:12,38.910824299,-77.034687042
783d26113d48f8bacf980ca2fdc4de0c,2025/05/18 13:12,38.858120084,-77.109100699
68825c466adcad72596b2c01efe01361,2025/05/18 13:12,38.871708155,-77.221965075
68d4df82d9906fb94265279fc97a9bc1,2025/05/18 13:12,38.947794795,-77.024435401
f4f808a8346cd5f4d5b77f8768fc17eb,2025/05/18 13:12,38.979712605,-77.052335143
d5ad5dcdb8d2ff47f9aba5b4f4ca3a91,2025/05/18 13:12,38.960149884,-77.022215128
45b03cc72d29b41fce5e879c224dbc1a,2025/05/18 13:12,38.896045566,-77.022111535
912dfad8d72a9791914f7b1187dee59a,2025/05/18 13:12,38.936108589,-76.991855025
0ea1285f9bce511cf810eb8deb1852df,2025/05/18 13:12,38.870858073,-77.012151122
b70bbf008a95d0af9c92185744634d7e,2025/05/18 13:12,38.909471154,-77.032121658
8dcb638b553d0281a266dc8bf03ed812,2025/05/18 13:12,38.85147357,-76.980893612
e73cd3a162a216b10a9245e52ab7e9a0,2025/05/18 13:12,38.975513697,-76.99559164
4db97d1c8b5c7ac882489a5e3e8ddd65,2025/05/18 13:12,38.966500401,-76.979826212
f3515b3dbba74581742d0f48c3b57e78,2025/05/18 13:12,39.001761079,-76.909359217
39119929477b0390ac4a119358bfc0d4,2025/05/18 13:12,38.953056335,-76.999142766
af2b5484a3b458e4bbb3546abedf75a8,2025/05/18 13:12,38.86007297,-77.023105264
653213d311e8bf4195bfd8f3b753361d,2025/05/18 13:12,38.906390071,-77.043740869
4bfce4987478ddbd08c5adc64b230ef5,2025/05/18 13:12,38.869348884,-77.11002183
60adb2d4b7fb4ab6be590d92e096927c,2025/05/18 13:12,38.90873456,-77.002537489
e41c70490711f578d3c7f5e7c0977a10,2025/05/18 13:12,39.005104303,-77.021950603
61aaa038accefc83a450e72c969d49db,2025/05/18 13:12,38.819972396,-77.124841332
d004b67103ebfa72abd29d5a3ae2ad4d,2025/05/18 13:12,38.994878531,-77.019827724
0f3c3d8e95cf8c123ab99f63731529ea,2025/05/18 13:12,38.841659546,-77.088579416
29f8735cc9a1401298da018b152bcfa6,2025/05/18 13:12,38.849181771,-77.075654268
69fe8ea147218438b422a3dc92170cd7,2025/05/18 13:12,38.828354716,-77.312017322
d7a7c828ed97ca355b8214cdf850aea4,2025/05/18 13:12,38.847136497,-76.969137907
f0fc182c0c5b03790b6f3cdb4dbd9742,2025/05/18 13:12,38.890769362,-77.049175978
1d6d9f0f50e260f6c0cb43e7cf636860,2025/05/18 13:12,38.852645993,-76.956334352
ba9b102666e32c9d4e767bb1dfbb2779,2025/05/18 13:12,38.839565754,-76.993698835
41add048ad4042cff7edc0bb963f131f,2025/05/18 13:12,38.865433812,-77.247727633
19dcb2d7eb3493cbfe5fc164e5e55cb1,2025/05/18 13:12,38.878592491,-76.929151297
47be5c280fa3551c8ad1b66b889055a6,2025/05/18 13:12,38.881934643,-76.995064855
2d8263bcdc065f05ab2ba55525665f86,2025/05/18 13:12,38.89068079,-76.958930731
86ca8b6e7abd4b776aa2fb810ae72501,2025/05/18 13:12,38.999178648,-76.996831059
f6c18e13b3cc7c71389fd39590ca3046,2025/05/18 13:12,38.892294407,-77.039289236
e4bba3210f849dbabd9d0b2912bc9162,2025/05/18 13:12,38.88900876,-76.979958415
60e6c02bfe240e21ad125f2071f7d7d0,2025/05/18 13:12,38.896053433,-77.021391749
9dc19a532cb4bcc672efa815e9312865,2025/05/18 13:12,38.785688043,-77.003232598
1ad7791e7f3de1cb769230abd4a863cf,2025/05/18 13:12,38.86105597,-77.057013869
2f034226f54f810b8b18783a781e8749,2025/05/18 13:12,38.901408672,-77.027415752
cdd91f74acf89e1c2b7540418456f763,2025/05/18 13:12,38.850847125,-77.117650747
924f8b6bf655a5a49d413bae3d0fceba,2025/05/18 13:12,38.992222071,-77.026417732
a5814ffaaae8a41ccb0ea6ee6f6662fe,2025/05/18 13:12,38.923384309,-76.972272515
c2e5ee1838e0830a6d06056a6342cbcd,2025/05/18 13:12,38.962595344,-77.010375619
7a543764ec1714225efccf98c0c4f965,2025/05/18 13:12,38.896898746,-77.139910936
f28e0b74b7bebb6f811ff0c4378c059b,2025/05/18 13:12,38.833081126,-77.041740417
e7c27534cb492f104b6f061f17c3db86,2025/05/18 13:12,38.953292966,-76.973523617
06b20a88b011c16d11b91bfda9580855,2025/05/18 13:12,38.793048024,-77.04926455
ee6f68afcff0a293a8a9f82b11c8d39b,2025/05/18 13:12,38.840814233,-77.103389978
705f1af6eb3ac7b12f1f7e5462e020b3,2025/05/18 13:12,38.910395861,-76.991214871
f256976b89dcdd3e640931c0d02c0160,2025/05/18 13:12,38.893247008,-76.951687694
afd6ccb7be77f5d9184f666f095d0b92,2025/05/18 13:12,39.004699826,-77.050724268
87b7634aaf501644b524e4a8c3bceb67,2025/05/18 13:12,38.889262915,-76.953641295
b4e9b0a8591f03fdc32572bb570cea2d,2025/05/18 13:12,38.838464499,-77.088665128
070a9a410dde14db73a2ffadeec87257,2025/05/18 13:12,38.873975039,-76.99996376
79a1d16e3b992f02a190489c785c5a8e,2025/05/18 13:12,38.817633867,-76.994259715
af4264c38add03bd96256d6b27e95cc6,2025/05/18 13:12,38.932814479,-76.965324521
ee182d29788019fbc5b6a7979268a9d1,2025/05/18 13:12,38.922072291,-76.960821033
c876a253c85387f19f218bb617e75120,2025/05/18 13:12,38.862801313,-77.059780478
16fd0b1f13e0c0cc8c1bda1742542bfb,2025/05/18 13:12,38.84232533,-77.089494705
466ce454c235cb2f817d6163ba18ecfb,2025/05/18 13:12,38.88293612,-76.936500788
5730a29d62490be42c0937bf8378726f,2025/05/18 13:12,39.00044179,-77.043126225
69eb48c7a118994c1ed7adb3f361048c,2025/05/18 13:12,38.987917781,-76.982701659
1135b3c852e2896de0a926b415928e2b,2025/05/18 13:12,38.865025759,-77.039581299
4e02b61d7e09d57191a472eaf3ef8b87,2025/05/18 13:12,38.982359529,-76.988107443
871bdfcf09049cf9aeaf7c3be4804d9a,2025/05/18 13:12,38.958660126,-76.952417016
efa71812d2f97f34f5a58e7c4dfa09d1,2025/05/18 13:12,38.901409268,-76.939613819
289f2cdd3f7b33fc7376765915ea85d6,2025/05/18 13:12,38.992326736,-77.032313704
b2e2dbb5760624ae0114106b7e0a0886,2025/05/18 13:12,38.942910433,-77.098848462
cfdfe8292178df7f6a53197f0b77b05b,2025/05/18 13:12,38.980169892,-76.993297935
76543534c00b1bbfa2118c0e3a989c06,2025/05/18 13:12,38.897977948,-76.916380763
d49c2a8234bf31957cb14c3bd89a4abf,2025/05/18 13:12,38.866509676,-77.09760654
4c266059bc71c89cc49971565d5e26bc,2025/05/18 13:12,38.994818687,-77.01435554
49b8e01482fb87db3e97766db101862e,2025/05/18 13:12,38.80198288,-77.040281773
45bf8fc88064ee96a9b9fcd362bd4d2b,2025/05/18 13:12,38.905970693,-77.119816422
195e56ac8a5521380915095d87094a59,2025/05/18 13:12,38.926428437,-76.97245872
106511f5717f1ab2d9175e38df0a922b,2025/05/18 13:12,38.99984467,-76.994681239
0f57c0d750cb7fc748e013a236ea2190,2025/05/18 13:12,38.905290604,-76.982785225
a923e8c5d546c48bbf430b112943fc7e,2025/05/18 13:12,38.900154471,-76.990767598
add8d7fa9ab62f7c652c3e5e54e680cc,2025/05/18 13:12,38.900079846,-77.095662236
198a7cb0e91c19c5ef025fd8dd14d937,2025/05/18 13:12,38.824532866,-76.986624718
6aef3f52e1833203a21c211d23def0af,2025/05/18 13:12,38.945478559,-77.06865561
aa74c422a464d11d5334f8f8f2e617ee,2025/05/18 13:12,38.887104392,-77.117873549
5ed30117d83ae19aa64c5bbf54276db0,2025/05/18 13:12,38.903159857,-76.94993639
26f3d512a9c13165e9940c8e9a371f66,2025/05/18 13:12,38.857664585,-77.059745312
296aa8a89436f0c511aaa6cc10a67d2f,2025/05/18 13:12,38.932772398,-76.979558349
35d64e9b69cb140060c61cf3c75527e7,2025/05/18 13:12,39.007530808,-77.039630294
dbdfc4536ca20d18be6dd49f8f5deba6,2025/05/18 13:12,38.847791314,-76.970971227
06405226ee090fb5553e53759b259182,2025/05/18 13:12,38.885118008,-77.092904806
a82b69d85c202b8ac7302ab9bfa19b31,2025/05/18 13:12,38.811043501,-77.132804036
8c7aa6a533663d547f56d5b9c6257b4b,2025/05/18 13:12,38.888562202,-77.032448411
9ca278b15cd1e1def7800da1a497d214,2025/05/18 13:12,38.898664594,-76.946829438
dc2a45a676e5ff364eb8215f0997efa8,2025/05/18 13:12,38.896928549,-77.139922023
ce03f1536cbf9427456a442f30d08e7c,2025/05/18 13:12,38.895578861,-77.140448809
a2d10ab576880e41b5c81c41c2f446e2,2025/05/18 13:12,38.932999611,-77.021710992
e6d6c1d0b9fbc373fcf52dd2a90ac5a9,2025/05/18 13:12,38.93657136,-77.032886505
982974e5c82bd932da1c9aa79b52da64,2025/05/18 13:12,38.897361517,-76.920593977
90d2b0da128096c5f705349e6f188673,2025/05/18 13:12,38.89218688,-76.9708606
26b06a9cbca2c1c1f1534049d60a2477,2025/05/18 13:12,38.951939225,-77.033884525
3488b3c9fed6ffb2e8b8cac01e24c114,2025/05/18 13:12,38.929926991,-77.10721612
19d9e570369892d61f4e56c97f3b0727,2025/05/18 13:12,38.968560457,-76.989367366
cc30a6fd1d513f3177d474d10898e0ec,2025/05/18 13:12,38.84442234,-76.970341802
b89dcd5a90ce6b5006df47ab8b700945,2025/05/18 13:12,38.99918592,-76.996824741
764f3221fef0adf2dc8fde903f71c65a,2025/05/18 13:12,38.933002353,-76.956352711
cd9baccf4321fd310680442228b07f2e,2025/05/18 13:12,38.841917992,-77.077628613
532e21316cb31ba51956f4f6912aa79a,2025/05/18 13:12,38.88424933,-76.94343853
fa23da4bb3818748ea91ff9126bc97c3,2025/05/18 13:12,38.931689143,-76.961430192
2ef0461a5b6f5b5666617574dfa8a3e5,2025/05/18 13:12,38.90146172,-77.21152401
90acd1fc0ee3cd51eb2b05229fd551f1,2025/05/18 13:12,38.869500995,-76.959687829
79b9f26cc6275448d5a9d95b7b7a686d,2025/05/18 13:12,38.980211258,-76.967381716
4003d92bc1fdeb8a95669fb8561a7ac3,2025/05/18 13:12,38.870306134,-77.095429659
ce291352f6b00e71eb1fa81937334e4e,2025/05/18 13:12,38.989348054,-77.019207954
fa9d23cfc936d89249701e28a46d7e2e,2025/05/18 13:12,38.958124876,-76.979367495
2d1ba9862158f1b9a5958ae8dd3ed2b8,2025/05/18 13:12,38.886404514,-77.100329399
d8253a8ecefffa348b0dcd356914f8b2,2025/05/18 13:12,38.862637877,-76.996069431
01835440bf990d554d378eb3038c4cda,2025/05/18 13:12,38.81278789,-77.123653412
c7740b57af36970d4c469f5d19780a3b,2025/05/18 13:12,38.956349492,-77.006373525
7b1ffb2b0abca11b617c6be9cefefc68,2025/05/18 13:12,38.901947856,-76.939114332
af2e42055d4c8165a9f62b54722437a8,2025/05/18 13:12,38.876295447,-76.916991353
858a5189f8bd749729943c4c0eb350bc,2025/05/18 13:12,38.903418899,-76.949447632
c37d4c70aa227fc5bd43534ff0bb25d1,2025/05/18 13:12,38.849217415,-77.075646162
fbe4d10b7942efc1567509f2e23618e1,2025/05/18 13:12,38.954600692,-76.959551573
7c26ce9e48a1a646db8c8bdf4961caeb,2025/05/18 13:12,38.922188878,-76.983525038
49784830fd3774e6fe3d338d4e72e229,2025/05/18 13:12,38.950698853,-76.962113976
9d813bc36107d768bc1671f60bee3648,2025/05/18 13:12,38.898445129,-76.93703568
40a108fac898deb981f55b3b89910ec2,2025/05/18 13:12,38.966418743,-76.953386784
3b83affe693c473a3d963e0c39aac759,2025/05/18 13:12,38.986591339,-76.992663503
cebc08b6900616720f9e100c51a5cb59,2025/05/18 13:12,38.951415181,-76.965072036
493c0d13d4f203d15334f6e4b7368542,2025/05/18 13:12,38.858157396,-77.108460188
667170b5d5fc755bf19a1a0dddf38024,2025/05/18 13:12,38.887399435,-76.896811843
cfee677243b189b01b425cb0d003e616,2025/05/18 13:12,38.842154264,-77.120433807
82b5d40db7605474e263c33d6bf0bcbe,2025/05/18 13:12,38.847847581,-76.98025131200001
3954f571c727ac075eab4b047d5b1b3a,2025/05/18 13:12,38.833026171,-77.041754127
c8f44deddeafddaf1763e1913a751725,2025/05/18 13:12,38.968129992,-76.988731265
497dc79618bceac475c99c3e38338888,2025/05/18 13:12,38.829418302,-77.049874544
8a4a82d71cc2c304b118daa51423e0ed,2025/05/18 13:12,38.862570524,-77.059969664
83863ccd1321d8e855ec390953e901a0,2025/05/18 13:12,38.87108469,-76.953256607
2a55b1319431db9b24177932625a1a17,2025/05/18 13:12,38.871522784,-76.974798083
9deb503a4db15a0243d3b927d37af739,2025/05/18 13:12,38.974860549,-76.977505922
52897279a58312ba2812cb3d6e15ec2c,2025/05/18 13:12,38.885676265,-76.922958612
04ffdc6600d53505005372d721557223,2025/05/18 13:12,38.967346549,-76.965198994
424e22ef908f17dcec353beead23dbe8,2025/05/18 13:12,38.945598125,-76.952438235
8c2529ee804914d1abce552b313c8566,2025/05/18 13:12,38.840373874,-76.9872576
fc115977780a3ed55853ce20d3e56ab0,2025/05/18 13:12,38.821570873,-77.123783708
4cd5353483160651420404d49c850b87,2025/05/18 13:12,38.886710882,-76.996991754
8b30b28de8adaf1b0c4fb53062d170c6,2025/05/18 13:12,38.946303725,-76.945480704
69ba8d40415eb8aec9c4998beb564492,2025/05/18 13:12,38.90688324,-76.951433778
4b4e3fc8a9d824c02a47104168cfc1fe,2025/05/18 13:12,38.88465786,-76.952412724
6ac31b10cb4fc87b89daaac958693040,2025/05/18 13:12,39.020503044,-77.013995647
aefa4171ed2712ff691900b105e0427f,2025/05/18 13:12,38.805368543,-77.060563564
e7a1d0c96fe76d2654e8f302c2e7ee1d,2025/05/18 13:12,38.978125095,-77.054876804
1ef509eaac5a0a7ff2d35b0eb0d0a536,2025/05/18 13:12,38.901420832,-76.939677954
312e4a7584912f0ff88cd22b7f2f48e4,2025/05/18 13:12,38.907754898,-77.068672776
26d1bcba1a90c419580f33b2ac89b47b,2025/05/18 13:12,38.884134769,-76.995350361
9012eb8a3b47e8dd95a4ae4807e04562,2025/05/18 13:12,38.947898149,-76.969572544
f97b6e325dae9a94700e237251f1a10b,2025/05/18 13:12,38.951857567,-76.940540314
d9033a5e08c18a1a41cb99a19e68652e,2025/05/18 13:12,38.890556216,-77.031854749
9513f30dd16abd4d7be134885eaa846d,2025/05/18 13:12,39.007114887,-77.049541235
837bab00b10ee44584324a7eb88d4a64,2025/05/18 13:12,38.820718646,-77.007874727
e39568137707fb2152328247705c0a94,2025/05/18 13:12,39.026310444,-77.128677368
914d757f1d450da6b6ce4d4942083b52,2025/05/18 13:12,38.92078948,-77.000717044
2b599b2cde6f1b5478fadaf30413d162,2025/05/18 13:12,38.948625326,-76.971835375
a38caa40989aaefb8d3a1e8b2bcdfbfb,2025/05/18 13:12,38.865370274,-76.948430896
3d7abe0c9acf254b2aea57d717e28830,2025/05/18 13:12,38.870885253,-76.980125546
a650ae9e8535d4a91a90e54ca36d9a55,2025/05/18 13:12,39.0922122,-77.174087167
336ef122ec717a2bfeebdf220a9e5e00,2025/05/18 13:12,38.904718399,-77.020544171
d51a4caa32c59759e19b13dde6894636,2025/05/18 13:12,38.863734722,-76.974124193
60751dd2de4bda7a28958ae6635d4886,2025/05/18 13:12,38.894765258,-77.011792898
69d891ead461e61b17c9c6550cb9b6b4,2025/05/18 13:12,38.871419668,-77.113582134
17d88e2c545104a36e022913ed6b6c5c,2025/05/18 13:12,38.94765234,-77.065396905
8351063f3707eaecc3d5a1ce431c9864,2025/05/18 13:12,38.816384435,-77.1090523
276d0da0caaf083dd5095df7e4bd8342,2025/05/18 13:12,38.94722116,-76.955838919
3284df120aef111c85f46a71c1f27257,2025/05/18 13:12,38.957728028,-77.019640326
c089ef80baf1e16fb977d75e3b5f54cf,2025/05/18 13:12,38.963945269999996,-77.04662919
8476de24aca9eecb9b436f228e2f43da,2025/05/18 13:12,38.898254037,-77.005999565
e24e2121ee24ee88fc1e70ef1b8c5899,2025/05/18 13:12,38.897981882,-76.936532974
ed5572e2f4f5a4513cbece400382d286,2025/05/18 13:12,38.859298825,-77.115085363
bf4c7767cb7fbafd0f635fb74309729a,2025/05/18 13:12,39.059123874,-76.972138405
ca9a807bc0f899f7ae75e3e58fd438d5,2025/05/18 13:12,38.846236825,-77.00168407
80003e150048b33b0a9da3fb435d8fb3,2025/05/18 13:12,38.905308127,-77.061216116
9a58059e1ea81f39d00eb7aa7b7c86ed,2025/05/18 13:12,38.935763597,-76.974227786
f4a7f01649b10ba5d920e2a1c5a16083,2025/05/18 13:12,38.860964656,-76.973754048
28aeb85bac7d91618f45a487733fc8a1,2025/05/18 13:12,38.976518393,-77.027984023
4565110f4b4669ac0a193f04aa7d5def,2025/05/18 13:12,38.795387626,-77.050062656
3b44ff911c040b30dd1be65195e2a3d2,2025/05/18 13:12,38.90627408,-77.062773943
6a61d45265b68f1b4d0cb1c2b2d9bc90,2025/05/18 13:12,38.943506479,-76.968833685
afb317dbc6c24efab50065a602f7236f,2025/05/18 13:12,38.80531776,-77.04989922
460e44ec0a54f0363bcad88ebb98fe97,2025/05/18 13:12,38.953300238,-76.924706697
a2c6c032f8fe2550bdd0f044ddf44b3c,2025/05/18 13:12,38.854123831,-77.084139347
60822c35bba355549841867195331d4d,2025/05/18 13:12,38.908023,-77.063534021
6a94942550634e82435e98602429c1d3,2025/05/18 13:12,39.036933899,-77.051944733
87d649b90db45c7e01d8ec63ac637af0,2025/05/18 13:12,38.876524448,-76.914155245
74af48ad51962f03d69f64fcc64750ce,2025/05/18 13:12,38.951010585,-76.948249817
5a11843d063396aa16cf354515065971,2025/05/18 13:12,38.974867702,-76.977530599
fa232e4791200a70e66f2c9397f468e1,2025/05/18 13:12,38.948303223,-76.968525529
76d1fa63abde8d54102f321197d3947b,2025/05/18 13:12,38.859319806,-77.049331307
e26f589ae3fbefd835aeaa6405d795f3,2025/05/18 13:12,38.941351533,-76.964657307
b7af5c895161113d077d62be0b3bbb14,2025/05/18 13:12,38.914969087,-76.983646631
c99258f37af5b760cc3d1810dc4722f9,2025/05/18 13:12,38.886094332,-77.141901731
c6e473f57c933d053bba690d85d5172d,2025/05/18 13:12,38.920001388,-76.990865469
3e8e6609086417588e388f94f098b838,2025/05/18 13:12,38.896654606,-77.137440324
053b0519bdc94cc9423418d1fec026dd,2025/05/18 13:12,38.935017586,-76.982054472
8149334c67e53dde2a8abdad09607bf6,2025/05/18 13:12,38.826656699,-76.984084249
9f75db947079ec6708399c331fc8f6c9,2025/05/18 13:12,39.017995954,-77.007548332
3a2ac4b334ee5491f10aa24cbe9124f9,2025/05/18 13:12,38.955496669,-76.968893766
0c1224bffcf1dc46cd184464b726d733,2025/05/18 13:12,38.989554405,-77.098022938
7cac15202bc4a96398946cb1494ab493,2025/05/18 13:12,38.942120314,-77.000597
779e5b669ebb8fe506761d8839d58969,2025/05/18 13:12,38.885513902,-77.243852854
945993ff8637c51ce2ad5233dacd8ad7,2025/05/18 13:12,38.870027184,-76.973796725
84b25581e164a4218c301ddda6ca7e05,2025/05/18 13:12,38.896146536,-76.978233814
a9cf062000b0fe1549c477da319715c4,2025/05/18 13:12,38.769068241,-77.130842447
7d75b69545169b8bf5e5fc44dc499978,2025/05/18 13:12,38.867808342000004,-76.939059138
489494c97e8575839de9da84dd4fd8ae,2025/05/18 13:12,38.892604589,-77.073582411
fae144d85913584884c95991f4d68f98,2025/05/18 13:12,38.966058373,-76.948316932
e222e7f3c180e26e4ec732569f5c8aa3,2025/05/18 13:12,39.002912879,-76.904895067
4d442808428821b2d20a62e2a1aa4145,2025/05/18 13:12,38.869016528,-77.237013578
f688a537f59c3eae9b842b472158e78f,2025/05/18 13:12,39.010894656,-76.910591006
5c1cae5f3f63246262cdf15748843c37,2025/05/18 13:12,38.818707705,-77.046580434
e2efe42d5ecbb0018b532aa7ebbaa12d,2025/05/18 13:12,38.851640463,-77.132081628
735120bbacf252b94ee73aa2f2146ac3,2025/05/18 13:12,38.920928001,-76.99942565
7c0a650e743789876a888fcda72b7999,2025/05/18 13:12,38.94257021,-77.01092732
8df16cc0a00689b17c67091a62b4ac8d,2025/05/18 13:12,38.927828789,-77.013904691
703b66a11fd1268f01021361c0250c06,2025/05/18 13:12,38.893867254,-77.028360248
2c1cdaab4b2878965f53dd28cc768d8f,2025/05/18 13:12,38.825962305,-76.984172463
186177e7e620342f5f7118792b09b1d3,2025/05/18 13:12,38.907327056,-77.10837841
b3b726a8b854d8f9c28bb6f8c56dd530,2025/05/18 13:12,38.963089108,-77.029817462
63e1bcf0d73c3492a1efef1459887c2e,2025/05/18 13:12,38.893668175,-77.028013587
a3e39b94c7c0ae0962239b870db1d84f,2025/05/18 13:12,39.018098354,-77.007556677
90389292524fd167e8aa6f4af98b7662,2025/05/18 13:12,38.93471241,-76.947363615
37e907b4b24966509995e2ebdebea755,2025/05/18 13:12,39.014750242,-77.047416329
beef5676a58cacfa27ad85eb28a0bbd3,2025/05/18 13:12,38.812375784,-77.119505882
111ef892feba6d56df4e1d6ef5f327ba,2025/05/18 13:12,38.855329156,-77.116288424
dfba270fc3dc980b36e3a45c53302d8a,2025/05/18 13:12,38.994891047,-77.019787431
9a5c8d154fbe2576838f1ce656c0bd7e,2025/05/18 13:12,38.921779513,-77.074411511
3a697a722464fa59f2ab862cecb3fe5f,2025/05/18 13:12,38.927351713,-76.955599666
eeecf2ab28094c97d725079bc9f1007e,2025/05/18 13:12,38.960054517,-76.980547428
19d00547cc5296102a402d179487a9ac,2025/05/18 13:12,38.906987667,-77.026913762
4814850b8a132312073e657ac3b3f5a1,2025/05/18 13:12,38.946906805,-77.03283155
08aed71ef28bc3b95c3cc263419d3089,2025/05/18 13:12,38.964770317,-77.035908103
af98376ba0372120dc39b93d37bac8d9,2025/05/18 13:12,38.897054791,-77.138885379
7d419581bd55df70b14dcc7c9ebf208b,2025/05/18 13:12,38.809434056,-77.042478085
a62cb8702f4284077bebaad503d81809,2025/05/18 13:12,38.948708653,-76.969431043
52c88047de1b76514102a9b69a93aa00,2025/05/18 13:12,38.956950784,-76.925524354
83822e4eaecaf0cedf2f8707896264f1,2025/05/18 13:12,38.91487956,-76.98476541
433bf2cbe107ce036c38d55583b135cf,2025/05/18 13:12,38.944268942,-77.006327033
a9d4bfc3432b9fd4a6a0e24cfc5cfe26,2025/05/18 13:12,38.95868659,-76.952420473
4e93677c81e5b3614a5729b2abd89726,2025/05/18 13:12,38.959505439,-77.019402742
d01e5299b6da9e641a180a886a4948f2,2025/05/18 13:12,38.893518329,-77.002001643
f49d3dddfc576bdfea095fa444cf3978,2025/05/18 13:12,38.879679799,-77.024328589
e36ecd16b5bc7b80c1f8e005676dba05,2025/05/18 13:12,38.920775056,-76.985594511
a7e0da913869303da0fe906106accbb2,2025/05/18 13:12,38.807605028,-77.059338212
18e60a0047234e7c3ba46d1a77aa2c47,2025/05/18 13:12,38.903657436,-77.00989604
94bf39feb80ca2357f16c830cfd485f8,2025/05/18 13:12,38.895401597,-77.011002779
a0b42d3f24952fafbda289041e4069f9,2025/05/18 13:12,38.972411752,-76.989557266
0e5851eb086db2f6f4d41b1c0b12f184,2025/05/18 13:12,38.854016781,-76.972163677
6b7123b0d11a5015bf99ba5ffd05715f,2025/05/18 13:12,38.848485231,-76.975642562
6b21cec49ca742ebd9150e48d8312e4f,2025/05/18 13:12,38.840694427,-77.088518262
d5c31c32d033349b71b28f1904141168,2025/05/18 13:12,38.946909547,-77.359757423
84e96312708ee6b8ff8b380a5e7dd942,2025/05/18 13:12,38.843250036,-77.070335746
732a62ed0f9fdee2fd974397061b237e,2025/05/18 13:12,38.949790597,-76.963333249
fc85357001c88595df16ac3b4507e3cb,2025/05/18 13:12,38.905611277,-77.057038784
3bcf39c7e1f23ea330570e7ef6a0c0d4,2025/05/18 13:12,38.9945575,-77.027270079
2952b3964b8366e63ffff8c572d05e44,2025/05/18 13:12,38.937137723,-76.999269485
8bcef63480dd960e0c81905e8a4fc36b,2025/05/18 13:12,38.88825202,-76.919050574
463092a12776195d81346141aef2503c,2025/05/18 13:12,38.871566415,-77.125039697
b62ec8db9cbdd28a8bfa95b3e5be3e6e,2025/05/18 13:12,38.994587779,-77.02726233
9ad11d162d69c42760d2e5566a17fe8a,2025/05/18 13:12,38.945422053,-76.988725781
67b4ba13e68226535cf1915eb9c89f79,2025/05/18 13:12,38.872962713,-76.978942394
a064ed63d40380f8becfc766da5b06ba,2025/05/18 13:12,38.943526626,-77.077324033
50e2ca533abe058fcf2feca550d9ceea,2025/05/18 13:12,38.883673787,-76.923022985
c84a399074f5fa77723418d49681e013,2025/05/18 13:12,38.922947168,-76.95219171
ae19ca52ce5fbbfc046318e520e056c2,2025/05/18 13:12,38.87026,-76.973507404
dc435dcffcc6a598746409dc33d5fae4,2025/05/18 13:12,38.846276045,-77.069323659
560f3af9c5f64ce54dda3ebe61ad1ce2,2025/05/18 13:12,38.842482924,-77.061350226
f68ba935d87a7dcc2172cd9005b57e60,2025/05/18 13:12,38.963062882,-77.011134624
27333404e7847004727458ecea6017f2,2025/05/18 13:12,38.885540843,-77.243819237
df7016c454132bcac2ab9d1380cdae4e,2025/05/18 13:12,38.87001431,-77.094199777
a7a27d6dc7e43bf84607821c68fef8cc,2025/05/18 13:12,38.885527253,-76.958608508
8460feb4f02922e4a1787c8e81cc9f6c,2025/05/18 13:12,38.934851527,-77.040830612
8653e5f3dcf14600e0d14ff23e0873ac,2025/05/18 13:12,38.869966269,-76.973838449
a83693c8695e62631bc2cfca32d4a624,2025/05/18 13:12,38.884986162,-76.997604609
3db58da64b1950af0bfaf0d6ebc9330e,2025/05/18 13:12,38.905519724,-77.04238379
a9059dcfed012c2d788bca0bcd7d467d,2025/05/18 13:12,38.915619731,-76.983492851
bc6f1d667a97f92d28490eb93607e86c,2025/05/18 13:12,38.861118555,-76.988075376
0bc1c9b998eded381e74a31694809c32,2025/05/18 13:12,38.917721629,-76.951725483
35ad9965bcbe4c0918fac3a69f5192e4,2025/05/18 13:12,38.995486259,-77.034094334
a84538ec85e7e63006560c912f872ccd,2025/05/18 13:12,38.888895988,-77.019651771
fcfa996e4b89235523b335a550a24a32,2025/05/18 13:12,38.88311708,-76.978493094
5ce304982d5c6bcaeba99008a37e0cdf,2025/05/18 13:12,38.999906301,-76.993124247
cd8bdbe755b4ad9042f5756d550420bb,2025/05/18 13:12,38.892905951,-76.902563453
731c7db84bf411162a451fd20d8f12ba,2025/05/18 13:12,38.949185848,-76.929151297
76cc8b8106100c83735619c80ab28b43,2025/05/18 13:12,38.951887608,-76.992295504
641403daabf9adc2fa23c1046e25a4b0,2025/05/18 13:12,38.959546924,-76.980517745
8e2ddcfd7dad654282e2cbed0ef5b42a,2025/05/18 13:12,38.967565298,-77.027323246
671dff99c031572da887c2b4101eb19a,2025/05/18 13:12,38.831494451,-77.095048785
151d7e557794153ca32a596a499d6714,2025/05/18 13:12,38.964650869,-76.98137188
4cb36e2cac88517c74774eb0d3719d6e,2025/05/18 13:12,38.860501647,-77.074149609
bf52f49c8270341353cad43339102339,2025/05/18 13:12,38.942942619,-77.098847389
dcc0679e21f64cbc128839523b3fcdba,2025/05/18 13:12,38.894184351,-76.998988748
da8740dae14a40443d5041ab0d04bcb5,2025/05/18 13:12,38.951024055,-76.989207387
7d38c5aaeea60b34b27ccfa64fba697f,2025/05/18 13:12,38.862380147,-77.068255067
27485ed71ad9bcf03f271ad80d2e946d,2025/05/18 13:12,38.8861624,-76.955609202
3a59e6e819fa2b42fbc8f791b130e278,2025/05/18 13:12,38.906839848,-76.98566699
1f7ed5f424d29d4c87d43589e2bf56b4,2025/05/18 13:12,39.026661277,-77.047651291
36a2f0b4797acbab99c64394e3db85ec,2025/05/18 13:12,38.833012938,-77.041761875
bf5d72831dbd814f0027ffd349c28624,2025/05/18 13:12,38.992393255,-77.032419324
18d936a06edd4392eec06205922fe3c6,2025/05/18 13:12,38.805059314,-77.045702696
dae70c6e43e8220c062e873948a78188,2025/05/18 13:12,39.034087539,-77.040886521
17cd32cdaf9c7388c4ee2271f8cb063e,2025/05/18 13:12,38.909146428,-77.048671603
43ed0a80009e84e2df0144ff82500a46,2025/05/18 13:12,38.912667155,-77.041975141
7349176b23f602062629d1bc82d5bace,2025/05/18 13:12,38.9413867,-76.964499474
151dbebce8cf8c9c6045dd863e0e8d24,2025/05/18 13:12,38.887102127,-77.032243252
ba6d4be289a3a791e9780628acd043ac,2025/05/18 13:12,38.982427835,-76.988102198
483b6bfce2b306b2b12597023ab13922,2025/05/18 13:12,38.885738611,-77.116536379
1943af9b23ac7570be6b9cbacdc2d324,2025/05/18 13:12,38.978265882,-77.09107554
91d6841b6b8bc20358ab1241c9c79b15,2025/05/18 13:12,38.862150669,-77.102816701
991fb57dc80e910406c7cec3206d7a05,2025/05/18 13:12,38.825006127,-76.987422466
1ee67e17259552f3a686888af79ca907,2025/05/18 13:12,38.989265442,-76.988517404
5c0ec19f3f923221c28b58d4ffe56550,2025/05/18 13:12,38.939204574,-76.937432051
e594cecb8ddcb143648c5b1eaa6420b4,2025/05/18 13:12,38.837242126,-77.093671441
053a31f0ee43f583703a98fb70313a2d,2025/05/18 13:12,38.837963343,-77.093783975
09fb6fafa49652a70466782558e5b21a,2025/05/18 13:12,38.919879556,-77.059361696
073da0609be0b97adf3d88e1fec90049,2025/05/18 13:12,38.909435511,-76.998443961
0ff17a99aa5e57bebcb8fd621dc242c4,2025/05/18 13:12,38.861950278,-76.983729839
6dc5f1f9329836f90d46bb38c1b5fc11,2025/05/18 13:12,38.985519767,-76.983593702
3ac0476910860ae5403be31c7b02f9cf,2025/05/18 13:12,38.911429644,-76.93909812
d095e226bd9b350f424de1c0ff50492c,2025/05/18 13:12,38.958869219,-77.022369146
088c8e39c64c2ffbf8aadc8cb90d63dc,2025/05/18 13:12,38.863008857,-77.06013155
72564304db27a499942e8727da6d5258,2025/05/18 13:12,39.005551219,-77.017642379
9987441ffff6a277a728a9bc46302264,2025/05/18 13:12,38.967908978,-77.033326983
721cf8920529ccfcc5cb4cb2f0e07e06,2025/05/18 13:12,38.945165515,-77.096735477
128216880f32d4079fd10711ee241448,2025/05/18 13:12,38.869545341,-77.010817766
ff06f92c00c2dc90643c4298816bb9ce,2025/05/18 13:12,38.943762183,-77.013030648
eafafa501f60d702a55cd95d26ea8150,2025/05/18 13:12,38.936824679,-76.951850057
8e9026579c0c9dffa5dd103f9db241e4,2025/05/18 13:12,39.007724047,-76.905113816
cbeef4131284c210007090a779276867,2025/05/18 13:12,38.905260444,-77.062925458
5db26e54d379d9c6798a50f22217c955,2025/05/18 13:12,38.900496483,-76.982924819
acc844c14f7200e8cb2f40243bcb2cee,2025/05/18 13:12,38.960130692,-76.969576001
5145611c40bf02e89d5ff4adeaf4a7a3,2025/05/18 13:12,38.8876158,-76.931661606
9e05f965a33e1017ddac380afe3e19f0,2025/05/18 13:12,38.99492085,-77.026752472
a4a0439e56cde4fd14e3e67001eb29ae,2025/05/18 13:12,38.943374276,-76.980820298
dc8e94869f973cd891303f8abad8152b,2025/05/18 13:12,38.974537253,-77.020151734
309e58f52ade590e020d3f1c7af95981,2025/05/18 13:12,38.923984766,-77.00014329
5bd7c885e04b314108236a2a6a814ead,2025/05/18 13:12,39.002280235,-77.118372798
f789bf75db57bbe4cd076018f6a437b2,2025/05/18 13:12,38.928008914,-77.013955474
27c0bca958b8ad5da80952e6a2b8878a,2025/05/18 13:12,38.959380388,-76.978717685
2f4be6a0c278178a633bca57460c9882,2025/05/18 13:12,38.776166201,-77.159541368
29a404f386482b796ccde2666bb17b99,2025/05/18 13:12,38.876867652,-76.942233801
1893ae0061b3183b8fc8db867c4d3a36,2025/05/18 13:12,38.92982626,-77.07469368
332e83b23d5fd89d6db9e2ada4f1f350,2025/05/18 13:12,38.944745898,-77.055066109
2803c6c70a8771abdd1b6009b497429a,2025/05/18 13:12,38.880193233,-76.984841585
c8514062d339acb24c4ebe682800c754,2025/05/18 13:12,38.92280066,-77.042830706
359ba5c118cf3280046cae784ea1c2b1,2025/05/18 13:12,38.860917568,-76.990500927
e820d035bca685de2ec3b8943bdfcc01,2025/05/18 13:12,38.820218801,-77.126443744
766be28c972950de96c9dc50f6cd6937,2025/05/18 13:12,38.891747355,-77.141792655
11a642bb93a68f2d294d9ac2a1231b51,2025/05/18 13:12,38.970516801,-76.952390313
3d43033ab0fa31139cc1434e5f407daf,2025/05/18 13:12,38.834912181,-77.007225513
6c54459b93b2b19f7717d25cb1d0f58a,2025/05/18 13:12,38.849922299,-77.053092241
9eddbee874c01340c59174ba6f2b8786,2025/05/18 13:12,38.827837348,-77.112100005
f485789902a8c9d1fbe4a33a02ffff38,2025/05/18 13:12,38.901556611,-76.937736034
a732886dcd74fd9ceab0e0cf18e5ce9d,2025/05/18 13:12,38.90360415,-77.067562103
9a9909dcf63b2929ff477e2e36851231,2025/05/18 13:12,38.917414546,-76.975664854
980aa32f373fc6c9bdfb0b1601ea5627,2025/05/18 13:12,38.780104041,-77.020120978
49539f23a3c4261d44bd9f6fed7529d3,2025/05/18 13:12,38.994433403,-77.028833389
b18e6003dfd5c11923a713d39a564a6e,2025/05/18 13:12,38.950176954,-77.035347342
36d42550c67f10d18662b7afc8af7dc0,2025/05/18 13:12,38.954290152,-76.987683296
5e4748aad8101e70d287b19f54d44d86,2025/05/18 13:12,38.951038241,-77.376536727
56ca1f0b8e90262c567d6fda55f5b7e4,2025/05/18 13:12,38.885065675,-76.894740105
8a099047d05c0a2c70beed35279448e1,2025/05/18 13:12,38.841712117,-77.088775754
44492457b6e252e04bb908d79f5d776b,2025/05/18 13:12,38.95553124,-76.968965769
1ba4b69645e31a8429df9a74c4eac2c7,2025/05/18 13:12,38.871393561,-77.144167781
857d10c1ad28b6d1d69acc7fad5bb993,2025/05/18 13:12,38.954342604,-76.925095558
050e788ab318ad0b6ed90ed4aff9ff7d,2025/05/18 13:12,38.950202823,-76.961152911
bc44ba9e5b728868989267c74ae9758a,2025/05/18 13:12,38.976055026,-77.027924538
e665b37185940a385fba87d2f4fe92d7,2025/05/18 13:12,38.982682228,-76.988186836
2a0d5240dd348f18a52e05829555eeeb,2025/05/18 13:12,38.953052521000004,-76.998849034
5912ace333deab5fe10502af635c18cc,2025/05/18 13:12,38.818850279,-77.1200248
cf04f1a481026ef0152b77dd6c6d08b4,2025/05/18 13:12,38.768208504,-77.145565867
a7ab4149f18ca5bc1b99234ad33c0b56,2025/05/18 13:12,38.926913857,-76.972142458
9e37701bbcabd24a74b7016898c8e3ed,2025/05/18 13:12,38.848217845,-76.976008058
858dd13b8baa82d908e772afc324d75b,2025/05/18 13:12,38.947595239,-77.0655967
21ed6a60c16e9181c63ba00534fa09af,2025/05/18 13:12,38.895804524,-76.930449009
a7554ecaff1706447a14383d4f80bd5d,2025/05/18 13:12,38.867800951,-76.939047933
b3e5e861cc2a66b01dd8b7d26eab8b68,2025/05/18 13:12,38.901391745,-76.939703345
1bdc878c69fd830da9713795b3710639,2025/05/18 13:12,38.940543652,-76.953840733
d4b617ba4acdcabb5189fc8e8388eefa,2025/05/18 13:12,38.994934797,-77.024942398
d6b3ed7c335005dd4211dcd0939bb001,2025/05/18 13:12,38.942092061,-77.021698713
489a0d3b6fd304e75e22fbe0e70f5424,2025/05/18 13:12,38.955533743,-76.968908191
b57fc90854f85c6fe40d437e18017bd0,2025/05/18 13:12,38.903325677,-77.016232491
c94c873324593f586592f06cf901b95b,2025/05/18 13:12,38.960883975,-77.035110354
16ad43a83e2b6453560c862aff3ad6af,2025/05/18 13:12,38.902834177,-77.060137749
c65240437afc2ac862320be4e34e98d0,2025/05/18 13:12,38.904365778,-77.050068378
5d99fcfb9bcc0ff972ead7c4499cea9a,2025/05/18 13:12,38.961739063,-77.359789252
f38b2ea398b7b1aa90298a54d3c89e66,2025/05/18 13:12,38.913352966,-77.025096655
fa73459d4bbae9da3300988a82f716de,2025/05/18 13:12,38.914689302,-76.983793139
147f376b9f9e1b50601e37227331d43c,2025/05/18 13:12,38.99732995,-76.906846166
708583ad20439c0276b13addd7400d7f,2025/05/18 13:12,38.951892018,-77.011144876
e2e1ad7de2c4dc99d897a2664230523d,2025/05/18 13:12,38.955670238,-76.979784369
e7cb714f22d9af17fa1b92cd3a4a2803,2025/05/18 13:12,38.948237419,-77.082131386
c2d0926e5e95dd90f24f643ad31d3551,2025/05/18 13:12,38.839362383,-77.087154031
71eabd3d2e52dad2e6c84571ce096eed,2025/05/18 13:12,38.954786301,-76.988671899
634f248f9c4b92b3c714ef8a179ca146,2025/05/18 13:12,38.956580997,-76.921966553
943a7e3f1c12cad65ad733b2a14f8108,2025/05/18 13:12,38.905481935,-77.045168638
aee9820f4ea3938ee5f016ac8d23b90f,2025/05/18 13:12,38.905412674,-77.105938911
0a03a77dea0f2f0311a156d3f337c905,2025/05/18 13:12,38.863732696,-77.01367867
68892d64732c6b74875790cb28c2182a,2025/05/18 13:12,38.944300652,-77.003675222
9973d941c62f34e57ac25a97bfe50ca9,2025/05/18 13:12,38.87254703,-77.230571866
00e1165f2996909cf90588b00d5435d6,2025/05/18 13:12,38.901418686,-77.211361051
44af07a0bad6e7194d715cd23b6f4c58,2025/05/18 13:12,38.982706428,-76.988161564
719f48fdffb2d19c234683b710e21258,2025/05/18 13:12,38.916836023,-76.980395198
abd5244f9b8139f192992bae44c12d1c,2025/05/18 13:12,38.896159053,-77.04365623
85cecaf5189b89f99be7903921bc4721,2025/05/18 13:12,38.901399016,-76.939721704
c12a7a0c73202a6acd93a5e130808164,2025/05/18 13:12,38.984871984,-76.982039809
56aa6ec1cd222e3afe1fe0686ee25871,2025/05/18 13:12,38.878531575,-77.098086953
e78361ffa790ea5c8565559f190a3c10,2025/05/18 13:12,38.902645469,-77.061590672
e07a783ac4260a9e2288fdf096db6882,2025/05/18 13:12,38.939289451,-76.996243358
de7647b6c5cab91be8bf55ecff845ede,2025/05/18 13:12,38.938571334,-77.034068227
8f730d8d482ca4563d4a6eccfbe8eba1,2025/05/18 13:12,38.94634366,-77.076200247
6a4e8023f6c1996d3a7df49c86298a7c,2025/05/18 13:12,38.904132485,-77.108498812
8bc8f7ce3ccf5bb7a8caa12cec288b2c,2025/05/18 13:12,38.825309634,-76.985653758
42cf20c27f1a0287c8a90c03e49c1557,2025/05/18 13:12,38.886700988,-76.997008085
444acd61a62a26702adc5b1ccddc1c7e,2025/05/18 13:12,38.864677787,-77.135332704
8edc9a89ec597f6d2fe99a5faf47d151,2025/05/18 13:12,38.824679613,-76.986689329
861377530ad3c05597bc659fdfe3acbc,2025/05/18 13:12,38.886562109,-77.09487021
1efc6e31a922c88aeaf40382dcee1f8a,2025/05/18 13:12,38.861338973,-76.981807709
081caf34f7a204400c40b08af1bc596b,2025/05/18 13:12,38.885526419,-76.95830369
b7ea2613923029ea7698ee853298cec2,2025/05/18 13:12,38.878607631,-76.999591231
65cc5f8eb5441c37e5cff89693f8ef32,2025/05/18 13:12,38.94457972,-77.064111352
1f271971c82901361229540ab3f63739,2025/05/18 13:12,38.984465957,-76.93384552
5f2c0eaabe69a0673cf4c7630a519f96,2025/05/18 13:12,38.94361341,-77.061341166
99e06b9666f5c8229bdf8d3d1abe0169,2025/05/18 13:12,38.949889183,-76.999688029
56629fba79a0acfbda8ca0e12effee27,2025/05/18 13:12,38.859515786,-76.973396063
69396c2bcd0ce8c15b64e9b682d46380,2025/05/18 13:12,39.028655171,-77.112763405
04dd644ead89c7bcd5f255f5274dc563,2025/05/18 13:12,38.959405422,-76.980047464
c30713f0b393fde85833104df8bc746f,2025/05/18 13:12,38.991137385,-76.983473063
55fdd727a5674dd7e800d8677099b0ed,2025/05/18 13:12,39.00044632,-76.985395193
3016a9dcc1880b82194e37f75199df41,2025/05/18 13:12,38.943517804,-77.003756166
8e03b6db7cfa05d073b2b66260692ed5,2025/05/18 13:12,38.929559827,-77.104345441
58920a507db110cb21228851a4bace3e,2025/05/18 13:12,38.858068585,-77.104220152
4a08c24670bfa05ac0807840ff64d4d7,2025/05/18 13:12,38.893693447,-76.952142358
27aee30af9a17b24ee9809d3c612ff17,2025/05/18 13:12,38.919291496,-77.002341628
27c6389e55708d5f64c2e1b0d9427024,2025/05/18 13:12,38.939236522,-76.9374547
89d74940801fedd2bb7c97e9b9ed3a28,2025/05/18 13:12,38.837531209,-76.989434361
3b097b0149c0d968370c54c201a419cb,2025/05/18 13:12,38.853405833,-77.122631311
cb516710f6018f0dc52ffba18b7ac55a,2025/05/18 13:12,38.841988206,-77.067340136
b9b8e4109b97965c8c64eae0151e5c89,2025/05/18 13:12,38.962655187,-76.968199849
5b513ff0fbac7c12d517ad8846eee9e3,2025/05/18 13:12,38.955579638,-76.996652246
0356f713774da81253fdfc99a26d741c,2025/05/18 13:12,38.90441525,-76.915551543
6e610d69fb8d0f3558e448d58f328630,2025/05/18 13:12,38.965564609,-76.98331213
46f0bc5602efe2eaae04c82d34f11780,2025/05/18 13:12,38.965585828,-76.974929571
f316cf9f2919dae2dccfc0593cea0df3,2025/05/18 13:12,38.964759111,-77.111551523
ab78dfdf3846ed8c9b39ca2a39124646,2025/05/18 13:12,38.916838408,-76.980469227
bb50b40cf4e910d25a9630f0010e4a19,2025/05/18 13:12,38.843187451,-77.070660233
4c0d5f6d50b727a8cf2cc3bd49829078,2025/05/18 13:12,38.911125302,-77.001450777
ec7fa788b3830e155059fe3857956330,2025/05/18 13:12,38.89657557,-76.960181117
e4ac9331b5881e2e1eed257ea7f8afdf,2025/05/18 13:12,38.93943429,-76.998372197
3c732b9b3750f05e46eb53bcd415b17d,2025/05/18 13:12,38.916569471,-76.981338501
e90c904cfbec077d47638e4a2702326e,2025/05/18 13:12,38.952793598,-76.954924822
419a59469461c18721a21331ec5751da,2025/05/18 13:12,38.816396832,-77.047772288
1ec9cacbd3de43b1cb9f7264540ceac1,2025/05/18 13:12,38.826055527,-76.984134197
f36fc4d9cd8f336f0a73ce7c90bbb4d0,2025/05/18 13:12,38.871691585,-77.221949577
a46580bbad47e6b7993e8abeb4def724,2025/05/18 13:12,38.9899683,-76.987929702
ed0609a8163b80640e27c95c7015972d,2025/05/18 13:12,38.844939709,-77.077690125
e32229dbfc27311b5034ee04e5fc9805,2025/05/18 13:12,38.886793613,-77.162393093
950556d0130a9928d8d3290311cb1db5,2025/05/18 13:12,38.930392385,-77.099649906
c666d7649e34b7dab55cdab3a40fffc4,2025/05/18 13:12,38.850509882,-76.970322132
909ebbdb8e1956aac03ae88e08521d19,2025/05/18 13:12,38.884625435,-76.952380896
72e5bcd909f491db32dca3192a8749b2,2025/05/18 13:12,38.877873421,-77.008867264
49e08d2c0d0e5237bea4dcb6b5bd0e3e,2025/05/18 13:12,38.826643825,-76.98406148
31dfb4996bbeb7539475b521bde954f3,2025/05/18 13:12,38.932435036,-76.996044397
78f7501250b715ea320599b842fe57d6,2025/05/18 13:12,38.967370868,-77.021180153
ac73d77a0b0d9c74fd57d7504a86203f,2025/05/18 13:12,38.825009584,-76.987420797
1fc319bbd0268e6b6f17ec2ca142d6fa,2025/05/18 13:12,38.884021401,-76.930755734
bc97f0e988b30c9fc75ad94920ee64a6,2025/05/18 13:12,38.953548312,-76.925314903
a4fa21c78917a2497100c4aae5d7f719,2025/05/18 13:12,39.023442149,-77.026268363
32d58992bbee5e5711f4b221c4c1048f,2025/05/18 13:12,38.920156717,-76.970412135
9b4663d9817122a17bf741410e0debb8,2025/05/18 13:12,38.954917192,-77.02489686
46fd63548dd6270a6a347e17c19b6fb6,2025/05/18 13:12,38.982683063,-76.983841896
dc0432144e87df23fc89299521572e0d,2025/05/18 13:12,38.994576216,-77.027319908
6f6dae0fe24fd658ab9e443842a45f1e,2025/05/18 13:12,38.94252038,-76.99592495
0131d9ea434f666319c47b44efb72037,2025/05/18 13:12,38.942746758,-76.998988509
defb22aee1cf4ac7a2a34d3c53adf587,2025/05/18 13:12,38.935922146,-76.979808092
b7ae56d4bab15f1c312d846b53b45e83,2025/05/18 13:12,38.905151367,-77.060455322
8d684f21fc21927190d2bd2b445fe3a9,2025/05/18 13:12,38.884067774,-76.995201588
61924862495578b96b0a5bb0346879ce,2025/05/18 13:12,38.960173368,-76.969554186
2b3d6c24ca6f40792248524f85bb5a11,2025/05/18 13:12,38.871135116,-76.923427463
d3b55819587cc9d3d4d23d55a1ec50bf,2025/05/18 13:12,38.825785637,-77.30156064
765c713cd3fddfa0e04a69191cbd02b8,2025/05/18 13:12,38.919119239,-76.972365975
8e074c8ae93464e8457111dd670f0205,2025/05/18 13:12,38.876567245,-76.914160013
d4d9a8f9d57375c04e68f768430ae52b,2025/05/18 13:12,38.92764771,-76.991038799
fc41d966cf714790d5c4826c29d77c0d,2025/05/18 13:12,38.956951857,-77.024570823
b5b16ca8620abb39b38cf66918cef3b1,2025/05/18 13:12,38.929914236,-76.958904624
a6d1c61314de91c4f12d70673aa0798b,2025/05/18 13:12,38.91166997,-77.00328064
7d8ce53baf3af0d97380902d2e8dfaa7,2025/05/18 13:12,38.944858909,-77.015493989
53f9629f91c2da675c4b6aa712bae67b,2025/05/18 13:12,38.938670993,-77.034364223
66634441676f649f200bd8e6fd37227f,2025/05/18 13:12,38.902623296,-77.06154573
9ed147b6df9c4efc010ea9a6cd368726,2025/05/18 13:12,38.821650267,-77.000690222
c40b8b69075bbc5c16a1f3d711a73b59,2025/05/18 13:12,38.891178131,-76.937734604
533821f14eacce8f3bbf2b2d69b69800,2025/05/18 13:12,38.852601767,-77.131467581
c08dfa2ec70253c9574ed0ed40ed9c11,2025/05/18 13:12,38.868169904,-77.07199657
eea8475f91ad46b452ea6e0794f5036d,2025/05/18 13:12,38.913776755,-77.027131915
2b764422b2f81d1c9afb509af031cb1d,2025/05/18 13:12,38.903389931,-76.97261405
059a1fdc91b38c4ab1602b725681b571,2025/05/18 13:12,38.919168353,-77.07972455
dbcd0bbb6b66ceea935cca90c4e36ba8,2025/05/18 13:12,38.961708546,-76.928696275
548857cbbf4778312ee71310e922f4e2,2025/05/18 13:12,38.932812214,-76.979883552
9bf1ebffcafe0796d35a6e6796747819,2025/05/18 13:12,38.848556995,-76.975616813
27e82607cdef8a13cc9cd0cd4b8ed419,2025/05/18 13:12,38.907286644,-76.923635483
a49147f7c0d311d017e4673212e6a7c7,2025/05/18 13:12,38.962605476,-76.993521452
678a8b39088cea57c1fa589cb137465b,2025/05/18 13:12,38.848543644,-76.975590229
07df0e3d33a593b963372ac0a0324a8b,2025/05/18 13:12,38.905295849,-77.060346365
e0fd5a4b1cd006ee98f40db47ee2bff6,2025/05/18 13:12,38.881635785,-77.011811733
c407188b691c7e07ce2e52c947bb139f,2025/05/18 13:12,38.914534569,-76.972802877
16857fce8ba2d8c38fc7a8684a6cead6,2025/05/18 13:12,39.014838457,-76.920068502
37acec2f389b8a1d0db86205dd1f6bb4,2025/05/18 13:12,38.965952516,-76.948436975
1ed737de8d82d8282c2d9a128d92195b,2025/05/18 13:12,38.966731071,-77.007374883
7102959f9230c0e506ffcf193e8838de,2025/05/18 13:12,38.941375613,-76.964498758
a5d089d41129a4ce418f021a65c04ec2,2025/05/18 13:12,38.886068583,-77.141896248
20a8585985afeb7f132598b6d63059a5,2025/05/18 13:12,38.905539274,-77.065169096
71338ca29e4232365d546108ea32df0c,2025/05/18 13:12,38.861178041,-76.98811996
70fb88520aafc0b38522f013e9336c50,2025/05/18 13:12,38.949247956,-76.963950753
c63c2d71360b272f90a587cecd28d1ea,2025/05/18 13:12,38.851851225,-76.964737654
c59bd63eb0392b3a3c512cb2cd3ffb00,2025/05/18 13:12,38.862091541,-76.995014548
a226599dbc370bbb0b51772e40f48cb9,2025/05/18 13:12,38.977621436,-77.05829978
115cc50adcfd4086d4dc59c0e47f988d,2025/05/18 13:12,38.792700648,-76.987449646
9fde222f165c103f57f25e7f44081ae0,2025/05/18 13:12,38.922852397,-76.952053547
72ddef3a876e4cb2e5586825fd2d0917,2025/05/18 13:12,38.76447618,-77.152163744
1250bc4219146fa9ab5a4ecc27f7783a,2025/05/18 13:12,38.834117889,-77.105426192
d498d50d7e8d20401bbeab4b985d56c7,2025/05/18 13:12,38.906570315,-77.081040859
19bf76d4551839220dbc43f18d01be54,2025/05/18 13:12,38.929724813,-77.010871768
c15f6691e43f7bbb93e3c9692cab2d55,2025/05/18 13:12,38.830560327,-77.059852481
4729db626b6f8d658338aa84e721b456,2025/05/18 13:12,38.90128839,-76.922646761
1e851c49864808a01fe48d11ab543276,2025/05/18 13:12,38.880860329,-76.9437747
09033c9045e2e10cdfc1d96ac9c035d9,2025/05/18 13:12,38.813652277,-77.053641081
4b081cdd6228584b92fa486821e92880,2025/05/18 13:12,38.818683743,-77.046566486
50939a15094ee716b51522f7affcc1e6,2025/05/18 13:12,38.930217505,-77.043937325
c189a51165990b95460299639e13f270,2025/05/18 13:12,38.979582191,-77.02152729
84f0e1d405c5360454a6f3740fcf192f,2025/05/18 13:12,38.926384807,-77.000485778
00a4924c3acdc3cb56d7a1ec4c30adc1,2025/05/18 13:12,38.900191665,-77.055512071
a3f1fa63b52f4795746c411b520a9102,2025/05/18 13:12,38.889257073,-76.953615189
6345076d939ead52c7dc0083681c2924,2025/05/18 13:12,38.961686969,-77.330049515
d02532e3e69ea6f8cd485583fe08064b,2025/05/18 13:12,38.903511286,-76.984660387
dd1a25c2ede9537661deb5cffb403e66,2025/05/18 13:12,38.873968959,-77.134833217
f28c3adf12783260737f97a2ba7dc16b,2025/05/18 13:12,38.896345854,-77.033216715
d31a986046bf89decbbd2bf891d9d25b,2025/05/18 13:12,38.845640182,-77.090955496
5ac556e691600eeb4d22027844e2ae73,2025/05/18 13:12,38.883618116,-76.922617793
d593ea077cadd13404d93e8953b001a1,2025/05/18 13:12,38.937557459,-76.981636405
cda31c5a3f941d33b5d587d958a3ae05,2025/05/18 13:12,38.916504979,-77.068252802
3053b45536e8662f482aad52511558a7,2025/05/18 13:12,38.886087418,-77.141868591
7def0e67af7eebc0213ec9082bcf1b80,2025/05/18 13:12,38.804025292,-77.039843798
4441462a31afd09a9dcb36ad67ea1ff3,2025/05/18 13:12,38.882261038,-76.942925811
